REM INSERTING into PERMISO
Insert into PERMISO (PERMISO_ID,PERMISO_NOMBRE,PERMISO_PERMISO,PERMISO_DESCRIPCION,FECHA_CREACION,FECHA_MODIFICACION,USUARIO_CREACION,USUARIO_MODIFICACION) values (1,'Medico','0001','El usuario medico puede crear y actualizar pacientes e historias clinicas',to_timestamp('20/12/14 00:00:00,000000000','DD/MM/RR HH24:MI:SS,FF'),to_timestamp('20/12/14 00:00:00,000000000','DD/MM/RR HH24:MI:SS,FF'),'malcantara','malcantara');
Insert into PERMISO (PERMISO_ID,PERMISO_NOMBRE,PERMISO_PERMISO,PERMISO_DESCRIPCION,FECHA_CREACION,FECHA_MODIFICACION,USUARIO_CREACION,USUARIO_MODIFICACION) values (2,'Administrador','0010','El usuario administrador puede crear y actualizar nuevos medicos',to_timestamp('20/12/14 00:00:00,000000000','DD/MM/RR HH24:MI:SS,FF'),to_timestamp('20/12/14 00:00:00,000000000','DD/MM/RR HH24:MI:SS,FF'),'malcantara','malcantara');
Insert into PERMISO (PERMISO_ID,PERMISO_NOMBRE,PERMISO_PERMISO,PERMISO_DESCRIPCION,FECHA_CREACION,FECHA_MODIFICACION,USUARIO_CREACION,USUARIO_MODIFICACION) values (3,'Secretaria','0011','El usuario secretaria puede asignar turnos, ver y actualizar pacientes',to_timestamp('20/12/14 00:00:00,000000000','DD/MM/RR HH24:MI:SS,FF'),to_timestamp('20/12/14 00:00:00,000000000','DD/MM/RR HH24:MI:SS,FF'),'malcantara','malcantara');

REM INSERTING into USUARIO
Insert into USUARIO (USUARIO_ID,PERMISO_ID,USUARIO_NOMBRE,USUARIO_APELLIDO,USUARIO_DNI,USUARIO_TELEFONO,USUARIO_DOMICILIO_BARRIO,USUARIO_USUARIO,USUARIO_CONTRASENIA,USUARIO_ROL,USUARIO_OBRA_SOCIAL,USUARIO_EDAD,USUARIO_MATRICULA,USUARIO_ESPECIALIDAD,USUARIO_HORA_ATENCION_MIN,USUARIO_HORA_ATENCION_MAX,FECHA_CREACION,FECHA_MODIFICACION,USUARIO_CREACION,USUARIO_MODIFICACION,USUARIO_DOMICILIO_CALLE,USUARIO_DOMICILIO_NUMERO) values (1,1,'Dr. malcantara','Alcantara','31356973','155719070','Centro','malcantara','malcantara','Medico',null,null,'101010','Cardiologo',to_timestamp('08/01/01 00:00:00,000000000','DD/MM/RR HH24:MI:SS,FF'),to_timestamp('13/01/01 00:00:00,000000000','DD/MM/RR HH24:MI:SS,FF'),to_timestamp('20/12/14 00:00:00,000000000','DD/MM/RR HH24:MI:SS,FF'),to_timestamp('20/12/14 00:00:00,000000000','DD/MM/RR HH24:MI:SS,FF'),'malcantara','malcantara','Independencia','98');
Insert into USUARIO (USUARIO_ID,PERMISO_ID,USUARIO_NOMBRE,USUARIO_APELLIDO,USUARIO_DNI,USUARIO_TELEFONO,USUARIO_DOMICILIO_BARRIO,USUARIO_USUARIO,USUARIO_CONTRASENIA,USUARIO_ROL,USUARIO_OBRA_SOCIAL,USUARIO_EDAD,USUARIO_MATRICULA,USUARIO_ESPECIALIDAD,USUARIO_HORA_ATENCION_MIN,USUARIO_HORA_ATENCION_MAX,FECHA_CREACION,FECHA_MODIFICACION,USUARIO_CREACION,USUARIO_MODIFICACION,USUARIO_DOMICILIO_CALLE,USUARIO_DOMICILIO_NUMERO) values (2,2,'Adm. Marto','Carrizo','32231013','15423556','Centro','mcarrizo','mcarrizo','Administrador',null,null,null,null,to_timestamp('08/01/01 00:00:00,000000000','DD/MM/RR HH24:MI:SS,FF'),to_timestamp('13/01/01 00:00:00,000000000','DD/MM/RR HH24:MI:SS,FF'),to_timestamp('20/12/14 00:00:00,000000000','DD/MM/RR HH24:MI:SS,FF'),to_timestamp('20/12/14 00:00:00,000000000','DD/MM/RR HH24:MI:SS,FF'),'malcantara','malcantara','Gorriti','370');
Insert into USUARIO (USUARIO_ID,PERMISO_ID,USUARIO_NOMBRE,USUARIO_APELLIDO,USUARIO_DNI,USUARIO_TELEFONO,USUARIO_DOMICILIO_BARRIO,USUARIO_USUARIO,USUARIO_CONTRASENIA,USUARIO_ROL,USUARIO_OBRA_SOCIAL,USUARIO_EDAD,USUARIO_MATRICULA,USUARIO_ESPECIALIDAD,USUARIO_HORA_ATENCION_MIN,USUARIO_HORA_ATENCION_MAX,FECHA_CREACION,FECHA_MODIFICACION,USUARIO_CREACION,USUARIO_MODIFICACION,USUARIO_DOMICILIO_CALLE,USUARIO_DOMICILIO_NUMERO) values (3,3,'Secr. Kike','Flores','31455843','154633642','San Pedrito','eflores','eflores','Secretaria','Osde','29',null,null,to_timestamp('08/01/01 00:00:00,000000000','DD/MM/RR HH24:MI:SS,FF'),to_timestamp('13/01/01 00:00:00,000000000','DD/MM/RR HH24:MI:SS,FF'),to_timestamp('20/12/14 00:00:00,000000000','DD/MM/RR HH24:MI:SS,FF'),to_timestamp('20/12/14 00:00:00,000000000','DD/MM/RR HH24:MI:SS,FF'),'malcantara','malcantara','Tiraxi','1080');

REM INSERTING into PACIENTE
Insert into PACIENTE (PACIENTE_ID,PACIENTE_NOMBRE,PACIENTE_APELLIDO,PACIENTE_DNI,PACIENTE_TELEFONO,PACIENTE_DOMICILIO_CALLE,PACIENTE_OBRA_SOCIAL,PACIENTE_EDAD,USUARIO_CREACION,FECHA_CREACION,USUARIO_MODIFICACION,FECHA_MODIFICACION,PACIENTE_ESTADO_CIVIL,PACIENTE_FECHA_NACIMIENTO,PACIENTE_SEXO,PACIENTE_LUGAR_NACIMIENTO,PACIENTE_PROFESION,PACIENTE_NUMERO_AFILIADO,PACIENTE_DOMICILIO_NUMERO,PACIENTE_DOMICILIO_BARRIO) values (1,'Fabian','Aviles','999999','039999','monte de  ocz','pami','67','malcantara',to_timestamp('19/12/14 00:00:00,000000000','DD/MM/RR HH24:MI:SS,FF'),'malcantara',to_timestamp('19/12/14 00:00:00,000000000','DD/MM/RR HH24:MI:SS,FF'),'casado',to_timestamp('19/01/38 00:00:00,000000000','DD/MM/RR HH24:MI:SS,FF'),'M','Gral Guemes Salta','Jubilado','150869533805-00','9','Snopec');
Insert into PACIENTE (PACIENTE_ID,PACIENTE_NOMBRE,PACIENTE_APELLIDO,PACIENTE_DNI,PACIENTE_TELEFONO,PACIENTE_DOMICILIO_CALLE,PACIENTE_OBRA_SOCIAL,PACIENTE_EDAD,USUARIO_CREACION,FECHA_CREACION,USUARIO_MODIFICACION,FECHA_MODIFICACION,PACIENTE_ESTADO_CIVIL,PACIENTE_FECHA_NACIMIENTO,PACIENTE_SEXO,PACIENTE_LUGAR_NACIMIENTO,PACIENTE_PROFESION,PACIENTE_NUMERO_AFILIADO,PACIENTE_DOMICILIO_NUMERO,PACIENTE_DOMICILIO_BARRIO) values (2,'Dionicio','Alvarado','999999','039999','Avda Acosta','pami','73','malcantara',to_timestamp('19/12/14 00:00:00,000000000','DD/MM/RR HH24:MI:SS,FF'),'malcantara',to_timestamp('19/12/14 00:00:00,000000000','DD/MM/RR HH24:MI:SS,FF'),'casado',to_timestamp('08/11/25 00:00:00,000000000','DD/MM/RR HH24:MI:SS,FF'),'M','La Urbina San Pedro Jujuy','Jubilado','110337230600-00','18','Arvorada');
Insert into PACIENTE (PACIENTE_ID,PACIENTE_NOMBRE,PACIENTE_APELLIDO,PACIENTE_DNI,PACIENTE_TELEFONO,PACIENTE_DOMICILIO_CALLE,PACIENTE_OBRA_SOCIAL,PACIENTE_EDAD,USUARIO_CREACION,FECHA_CREACION,USUARIO_MODIFICACION,FECHA_MODIFICACION,PACIENTE_ESTADO_CIVIL,PACIENTE_FECHA_NACIMIENTO,PACIENTE_SEXO,PACIENTE_LUGAR_NACIMIENTO,PACIENTE_PROFESION,PACIENTE_NUMERO_AFILIADO,PACIENTE_DOMICILIO_NUMERO,PACIENTE_DOMICILIO_BARRIO) values (3,'Donato','Bedia Saavedra','999999','039999','Zarcosa','pami','67','malcantara',to_timestamp('19/12/14 00:00:00,000000000','DD/MM/RR HH24:MI:SS,FF'),'malcantara',to_timestamp('19/12/14 00:00:00,000000000','DD/MM/RR HH24:MI:SS,FF'),'viudo',to_timestamp('09/04/32 00:00:00,000000000','DD/MM/RR HH24:MI:SS,FF'),'M','Sangochipa Bolivia','Jubilado','150016778404-00','7','Las Aves');
Insert into PACIENTE (PACIENTE_ID,PACIENTE_NOMBRE,PACIENTE_APELLIDO,PACIENTE_DNI,PACIENTE_TELEFONO,PACIENTE_DOMICILIO_CALLE,PACIENTE_OBRA_SOCIAL,PACIENTE_EDAD,USUARIO_CREACION,FECHA_CREACION,USUARIO_MODIFICACION,FECHA_MODIFICACION,PACIENTE_ESTADO_CIVIL,PACIENTE_FECHA_NACIMIENTO,PACIENTE_SEXO,PACIENTE_LUGAR_NACIMIENTO,PACIENTE_PROFESION,PACIENTE_NUMERO_AFILIADO,PACIENTE_DOMICILIO_NUMERO,PACIENTE_DOMICILIO_BARRIO) values (4,'Telestoro','Tejerina','999999','039999','Guemes','pami','71','malcantara',to_timestamp('19/12/14 00:00:00,000000000','DD/MM/RR HH24:MI:SS,FF'),'malcantara',to_timestamp('19/12/14 00:00:00,000000000','DD/MM/RR HH24:MI:SS,FF'),'viudo',to_timestamp('23/04/33 00:00:00,000000000','DD/MM/RR HH24:MI:SS,FF'),'M','La Mendieta San Pedro Jujuy','Jubilado','150027797702-00','8','Quinta');
Insert into PACIENTE (PACIENTE_ID,PACIENTE_NOMBRE,PACIENTE_APELLIDO,PACIENTE_DNI,PACIENTE_TELEFONO,PACIENTE_DOMICILIO_CALLE,PACIENTE_OBRA_SOCIAL,PACIENTE_EDAD,USUARIO_CREACION,FECHA_CREACION,USUARIO_MODIFICACION,FECHA_MODIFICACION,PACIENTE_ESTADO_CIVIL,PACIENTE_FECHA_NACIMIENTO,PACIENTE_SEXO,PACIENTE_LUGAR_NACIMIENTO,PACIENTE_PROFESION,PACIENTE_NUMERO_AFILIADO,PACIENTE_DOMICILIO_NUMERO,PACIENTE_DOMICILIO_BARRIO) values (5,'Casiano Hipolito','Maizares','999999','039999','Rolon','pami','76','malcantara',to_timestamp('19/12/14 00:00:00,000000000','DD/MM/RR HH24:MI:SS,FF'),'malcantara',to_timestamp('19/12/14 00:00:00,000000000','DD/MM/RR HH24:MI:SS,FF'),'viudo',to_timestamp('15/04/26 00:00:00,000000000','DD/MM/RR HH24:MI:SS,FF'),'M','Villazon Bolivia','Jubilado','110960163808-00','48','Sin Nombre');
Insert into PACIENTE (PACIENTE_ID,PACIENTE_NOMBRE,PACIENTE_APELLIDO,PACIENTE_DNI,PACIENTE_TELEFONO,PACIENTE_DOMICILIO_CALLE,PACIENTE_OBRA_SOCIAL,PACIENTE_EDAD,USUARIO_CREACION,FECHA_CREACION,USUARIO_MODIFICACION,FECHA_MODIFICACION,PACIENTE_ESTADO_CIVIL,PACIENTE_FECHA_NACIMIENTO,PACIENTE_SEXO,PACIENTE_LUGAR_NACIMIENTO,PACIENTE_PROFESION,PACIENTE_NUMERO_AFILIADO,PACIENTE_DOMICILIO_NUMERO,PACIENTE_DOMICILIO_BARRIO) values (10,'Maria Josefa','Medina','999999','039999','Ostimera','pami','66','malcantara',to_timestamp('20/12/14 00:00:00,000000000','DD/MM/RR HH24:MI:SS,FF'),'malcantara',to_timestamp('20/12/14 00:00:00,000000000','DD/MM/RR HH24:MI:SS,FF'),'viudo',to_timestamp('26/11/32 00:00:00,000000000','DD/MM/RR HH24:MI:SS,FF'),'F','Tofera Dpto Javi Jujuy','Que haceres domesticos','1558235624-04','11','Sin Nombre');
Insert into PACIENTE (PACIENTE_ID,PACIENTE_NOMBRE,PACIENTE_APELLIDO,PACIENTE_DNI,PACIENTE_TELEFONO,PACIENTE_DOMICILIO_CALLE,PACIENTE_OBRA_SOCIAL,PACIENTE_EDAD,USUARIO_CREACION,FECHA_CREACION,USUARIO_MODIFICACION,FECHA_MODIFICACION,PACIENTE_ESTADO_CIVIL,PACIENTE_FECHA_NACIMIENTO,PACIENTE_SEXO,PACIENTE_LUGAR_NACIMIENTO,PACIENTE_PROFESION,PACIENTE_NUMERO_AFILIADO,PACIENTE_DOMICILIO_NUMERO,PACIENTE_DOMICILIO_BARRIO) values (6,'Marcela','Burgos','999999','039999','Libertad','pami','69','malcantara',to_timestamp('19/12/14 00:00:00,000000000','DD/MM/RR HH24:MI:SS,FF'),'malcantara',to_timestamp('19/12/14 00:00:00,000000000','DD/MM/RR HH24:MI:SS,FF'),'casada',to_timestamp('19/02/30 00:00:00,000000000','DD/MM/RR HH24:MI:SS,FF'),'F','San Salvador de Jujuy','Que haceres domesticos','060330015405-01','30','Sin Nombre');
Insert into PACIENTE (PACIENTE_ID,PACIENTE_NOMBRE,PACIENTE_APELLIDO,PACIENTE_DNI,PACIENTE_TELEFONO,PACIENTE_DOMICILIO_CALLE,PACIENTE_OBRA_SOCIAL,PACIENTE_EDAD,USUARIO_CREACION,FECHA_CREACION,USUARIO_MODIFICACION,FECHA_MODIFICACION,PACIENTE_ESTADO_CIVIL,PACIENTE_FECHA_NACIMIENTO,PACIENTE_SEXO,PACIENTE_LUGAR_NACIMIENTO,PACIENTE_PROFESION,PACIENTE_NUMERO_AFILIADO,PACIENTE_DOMICILIO_NUMERO,PACIENTE_DOMICILIO_BARRIO) values (7,'Laurencio','Miranda','999999','039999','Belgrano','pami','78','malcantara',to_timestamp('19/12/14 00:00:00,000000000','DD/MM/RR HH24:MI:SS,FF'),'malcantara',to_timestamp('19/12/14 00:00:00,000000000','DD/MM/RR HH24:MI:SS,FF'),'viudo',to_timestamp('15/06/27 00:00:00,000000000','DD/MM/RR HH24:MI:SS,FF'),'M','La Mendieta San Pedro Jujuy','Jubilado','110938749508-08','78','25 de Mayo');
Insert into PACIENTE (PACIENTE_ID,PACIENTE_NOMBRE,PACIENTE_APELLIDO,PACIENTE_DNI,PACIENTE_TELEFONO,PACIENTE_DOMICILIO_CALLE,PACIENTE_OBRA_SOCIAL,PACIENTE_EDAD,USUARIO_CREACION,FECHA_CREACION,USUARIO_MODIFICACION,FECHA_MODIFICACION,PACIENTE_ESTADO_CIVIL,PACIENTE_FECHA_NACIMIENTO,PACIENTE_SEXO,PACIENTE_LUGAR_NACIMIENTO,PACIENTE_PROFESION,PACIENTE_NUMERO_AFILIADO,PACIENTE_DOMICILIO_NUMERO,PACIENTE_DOMICILIO_BARRIO) values (8,'Prudencia','Tolaba','999999','039999','Benteveo','pami','76','malcantara',to_timestamp('20/12/14 00:00:00,000000000','DD/MM/RR HH24:MI:SS,FF'),'malcantara',to_timestamp('20/12/14 00:00:00,000000000','DD/MM/RR HH24:MI:SS,FF'),'viudo',to_timestamp('04/09/46 00:00:00,000000000','DD/MM/RR HH24:MI:SS,FF'),'F','Lote Zausal San Pedro Jujuy','Que haceres domesticos','115947784000-00','8','Sin Nombre');
Insert into PACIENTE (PACIENTE_ID,PACIENTE_NOMBRE,PACIENTE_APELLIDO,PACIENTE_DNI,PACIENTE_TELEFONO,PACIENTE_DOMICILIO_CALLE,PACIENTE_OBRA_SOCIAL,PACIENTE_EDAD,USUARIO_CREACION,FECHA_CREACION,USUARIO_MODIFICACION,FECHA_MODIFICACION,PACIENTE_ESTADO_CIVIL,PACIENTE_FECHA_NACIMIENTO,PACIENTE_SEXO,PACIENTE_LUGAR_NACIMIENTO,PACIENTE_PROFESION,PACIENTE_NUMERO_AFILIADO,PACIENTE_DOMICILIO_NUMERO,PACIENTE_DOMICILIO_BARRIO) values (9,'Frenandina','Boulovier','999999','039999','Mariano Moreno','pami','75','malcantara',to_timestamp('20/12/14 00:00:00,000000000','DD/MM/RR HH24:MI:SS,FF'),'malcantara',to_timestamp('20/12/14 00:00:00,000000000','DD/MM/RR HH24:MI:SS,FF'),'casada',to_timestamp('15/02/30 00:00:00,000000000','DD/MM/RR HH24:MI:SS,FF'),'F','Embarcacion Salta','Que haceres domesticos','110339049509-01','4','Quinta');

REM INSERTING into TURNO
Insert into TURNO (TURNO_ID,PACIENTE_ID,TURNO_FECHA,TURNO_HORA,USUARIO_CREACION,FECHA_CREACION,USUARIO_MODIFICACION,FECHA_MODIFICACION) values (1,1,to_timestamp('02/07/95 00:00:00,000000000','DD/MM/RR HH24:MI:SS,FF'),to_timestamp('02/07/95 00:00:00,000000000','DD/MM/RR HH24:MI:SS,FF'),'malcantara',to_timestamp('23/01/15 00:00:00,000000000','DD/MM/RR HH24:MI:SS,FF'),'malcantara',to_timestamp('23/01/15 00:00:00,000000000','DD/MM/RR HH24:MI:SS,FF'));
Insert into TURNO (TURNO_ID,PACIENTE_ID,TURNO_FECHA,TURNO_HORA,USUARIO_CREACION,FECHA_CREACION,USUARIO_MODIFICACION,FECHA_MODIFICACION) values (2,2,to_timestamp('02/07/93 00:00:00,000000000','DD/MM/RR HH24:MI:SS,FF'),to_timestamp('02/07/93 00:00:00,000000000','DD/MM/RR HH24:MI:SS,FF'),'malcantara',to_timestamp('23/01/15 00:00:00,000000000','DD/MM/RR HH24:MI:SS,FF'),'malcantara',to_timestamp('23/01/15 00:00:00,000000000','DD/MM/RR HH24:MI:SS,FF'));
Insert into TURNO (TURNO_ID,PACIENTE_ID,TURNO_FECHA,TURNO_HORA,USUARIO_CREACION,FECHA_CREACION,USUARIO_MODIFICACION,FECHA_MODIFICACION) values (3,3,to_timestamp('02/07/93 00:00:00,000000000','DD/MM/RR HH24:MI:SS,FF'),to_timestamp('02/07/93 00:00:00,000000000','DD/MM/RR HH24:MI:SS,FF'),'malcantara',to_timestamp('23/01/15 00:00:00,000000000','DD/MM/RR HH24:MI:SS,FF'),'malcantara',to_timestamp('23/01/15 00:00:00,000000000','DD/MM/RR HH24:MI:SS,FF'));
Insert into TURNO (TURNO_ID,PACIENTE_ID,TURNO_FECHA,TURNO_HORA,USUARIO_CREACION,FECHA_CREACION,USUARIO_MODIFICACION,FECHA_MODIFICACION) values (4,4,to_timestamp('02/07/99 00:00:00,000000000','DD/MM/RR HH24:MI:SS,FF'),to_timestamp('02/07/99 00:00:00,000000000','DD/MM/RR HH24:MI:SS,FF'),'malcantara',to_timestamp('23/01/15 00:00:00,000000000','DD/MM/RR HH24:MI:SS,FF'),'malcantara',to_timestamp('23/01/15 00:00:00,000000000','DD/MM/RR HH24:MI:SS,FF'));
Insert into TURNO (TURNO_ID,PACIENTE_ID,TURNO_FECHA,TURNO_HORA,USUARIO_CREACION,FECHA_CREACION,USUARIO_MODIFICACION,FECHA_MODIFICACION) values (5,5,to_timestamp('02/07/92 00:00:00,000000000','DD/MM/RR HH24:MI:SS,FF'),to_timestamp('02/07/92 00:00:00,000000000','DD/MM/RR HH24:MI:SS,FF'),'malcantara',to_timestamp('23/01/15 00:00:00,000000000','DD/MM/RR HH24:MI:SS,FF'),'malcantara',to_timestamp('23/01/15 00:00:00,000000000','DD/MM/RR HH24:MI:SS,FF'));
Insert into TURNO (TURNO_ID,PACIENTE_ID,TURNO_FECHA,TURNO_HORA,USUARIO_CREACION,FECHA_CREACION,USUARIO_MODIFICACION,FECHA_MODIFICACION) values (6,6,to_timestamp('02/07/92 00:00:00,000000000','DD/MM/RR HH24:MI:SS,FF'),to_timestamp('02/07/92 00:00:00,000000000','DD/MM/RR HH24:MI:SS,FF'),'malcantara',to_timestamp('23/01/15 00:00:00,000000000','DD/MM/RR HH24:MI:SS,FF'),'malcantara',to_timestamp('23/01/15 00:00:00,000000000','DD/MM/RR HH24:MI:SS,FF'));
Insert into TURNO (TURNO_ID,PACIENTE_ID,TURNO_FECHA,TURNO_HORA,USUARIO_CREACION,FECHA_CREACION,USUARIO_MODIFICACION,FECHA_MODIFICACION) values (7,7,to_timestamp('02/07/99 00:00:00,000000000','DD/MM/RR HH24:MI:SS,FF'),to_timestamp('02/07/99 00:00:00,000000000','DD/MM/RR HH24:MI:SS,FF'),'malcantara',to_timestamp('23/01/15 00:00:00,000000000','DD/MM/RR HH24:MI:SS,FF'),'malcantara',to_timestamp('23/01/15 00:00:00,000000000','DD/MM/RR HH24:MI:SS,FF'));
Insert into TURNO (TURNO_ID,PACIENTE_ID,TURNO_FECHA,TURNO_HORA,USUARIO_CREACION,FECHA_CREACION,USUARIO_MODIFICACION,FECHA_MODIFICACION) values (8,8,to_timestamp('02/07/00 00:00:00,000000000','DD/MM/RR HH24:MI:SS,FF'),to_timestamp('02/07/00 00:00:00,000000000','DD/MM/RR HH24:MI:SS,FF'),'malcantara',to_timestamp('23/01/15 00:00:00,000000000','DD/MM/RR HH24:MI:SS,FF'),'malcantara',to_timestamp('23/01/15 00:00:00,000000000','DD/MM/RR HH24:MI:SS,FF'));
Insert into TURNO (TURNO_ID,PACIENTE_ID,TURNO_FECHA,TURNO_HORA,USUARIO_CREACION,FECHA_CREACION,USUARIO_MODIFICACION,FECHA_MODIFICACION) values (9,9,to_timestamp('02/07/05 00:00:00,000000000','DD/MM/RR HH24:MI:SS,FF'),to_timestamp('02/07/05 00:00:00,000000000','DD/MM/RR HH24:MI:SS,FF'),'malcantara',to_timestamp('23/01/15 00:00:00,000000000','DD/MM/RR HH24:MI:SS,FF'),'malcantara',to_timestamp('23/01/15 00:00:00,000000000','DD/MM/RR HH24:MI:SS,FF'));
Insert into TURNO (TURNO_ID,PACIENTE_ID,TURNO_FECHA,TURNO_HORA,USUARIO_CREACION,FECHA_CREACION,USUARIO_MODIFICACION,FECHA_MODIFICACION) values (10,10,to_timestamp('02/07/09 00:00:00,000000000','DD/MM/RR HH24:MI:SS,FF'),to_timestamp('02/07/09 00:00:00,000000000','DD/MM/RR HH24:MI:SS,FF'),'malcantara',to_timestamp('23/01/15 00:00:00,000000000','DD/MM/RR HH24:MI:SS,FF'),'malcantara',to_timestamp('23/01/15 00:00:00,000000000','DD/MM/RR HH24:MI:SS,FF'));


REM INSERTING into HISTORIA_CLINICA
Insert into HISTORIA_CLINICA (HISTORIA_CLINICA_ID,PACIENTE_ID,USUARIO_CREACION,FECHA_CREACION,USUARIO_MODIFICACION,FECHA_MODIFICACION,USUARIO_ID) values (1,1,'malcantara',to_timestamp('12/01/15 00:00:00,000000000','DD/MM/RR HH24:MI:SS,FF'),'malcantara',to_timestamp('12/01/15 00:00:00,000000000','DD/MM/RR HH24:MI:SS,FF'),1);
Insert into HISTORIA_CLINICA (HISTORIA_CLINICA_ID,PACIENTE_ID,USUARIO_CREACION,FECHA_CREACION,USUARIO_MODIFICACION,FECHA_MODIFICACION,USUARIO_ID) values (2,2,'malcantara',to_timestamp('12/01/15 00:00:00,000000000','DD/MM/RR HH24:MI:SS,FF'),'malcantara',to_timestamp('12/01/15 00:00:00,000000000','DD/MM/RR HH24:MI:SS,FF'),1);
Insert into HISTORIA_CLINICA (HISTORIA_CLINICA_ID,PACIENTE_ID,USUARIO_CREACION,FECHA_CREACION,USUARIO_MODIFICACION,FECHA_MODIFICACION,USUARIO_ID) values (3,3,'malcantara',to_timestamp('12/01/15 00:00:00,000000000','DD/MM/RR HH24:MI:SS,FF'),'malcantara',to_timestamp('12/01/15 00:00:00,000000000','DD/MM/RR HH24:MI:SS,FF'),1);
Insert into HISTORIA_CLINICA (HISTORIA_CLINICA_ID,PACIENTE_ID,USUARIO_CREACION,FECHA_CREACION,USUARIO_MODIFICACION,FECHA_MODIFICACION,USUARIO_ID) values (4,4,'malcantara',to_timestamp('12/01/15 00:00:00,000000000','DD/MM/RR HH24:MI:SS,FF'),'malcantara',to_timestamp('12/01/15 00:00:00,000000000','DD/MM/RR HH24:MI:SS,FF'),1);
Insert into HISTORIA_CLINICA (HISTORIA_CLINICA_ID,PACIENTE_ID,USUARIO_CREACION,FECHA_CREACION,USUARIO_MODIFICACION,FECHA_MODIFICACION,USUARIO_ID) values (5,5,'malcantara',to_timestamp('12/01/15 00:00:00,000000000','DD/MM/RR HH24:MI:SS,FF'),'malcantara',to_timestamp('12/01/15 00:00:00,000000000','DD/MM/RR HH24:MI:SS,FF'),1);
Insert into HISTORIA_CLINICA (HISTORIA_CLINICA_ID,PACIENTE_ID,USUARIO_CREACION,FECHA_CREACION,USUARIO_MODIFICACION,FECHA_MODIFICACION,USUARIO_ID) values (6,6,'malcantara',to_timestamp('12/01/15 00:00:00,000000000','DD/MM/RR HH24:MI:SS,FF'),'malcantara',to_timestamp('12/01/15 00:00:00,000000000','DD/MM/RR HH24:MI:SS,FF'),1);
Insert into HISTORIA_CLINICA (HISTORIA_CLINICA_ID,PACIENTE_ID,USUARIO_CREACION,FECHA_CREACION,USUARIO_MODIFICACION,FECHA_MODIFICACION,USUARIO_ID) values (7,7,'malcantara',to_timestamp('12/01/15 00:00:00,000000000','DD/MM/RR HH24:MI:SS,FF'),'malcantara',to_timestamp('12/01/15 00:00:00,000000000','DD/MM/RR HH24:MI:SS,FF'),1);
Insert into HISTORIA_CLINICA (HISTORIA_CLINICA_ID,PACIENTE_ID,USUARIO_CREACION,FECHA_CREACION,USUARIO_MODIFICACION,FECHA_MODIFICACION,USUARIO_ID) values (8,8,'malcantara',to_timestamp('12/01/15 00:00:00,000000000','DD/MM/RR HH24:MI:SS,FF'),'malcantara',to_timestamp('12/01/15 00:00:00,000000000','DD/MM/RR HH24:MI:SS,FF'),1);
Insert into HISTORIA_CLINICA (HISTORIA_CLINICA_ID,PACIENTE_ID,USUARIO_CREACION,FECHA_CREACION,USUARIO_MODIFICACION,FECHA_MODIFICACION,USUARIO_ID) values (9,9,'malcantara',to_timestamp('12/01/15 00:00:00,000000000','DD/MM/RR HH24:MI:SS,FF'),'malcantara',to_timestamp('12/01/15 00:00:00,000000000','DD/MM/RR HH24:MI:SS,FF'),1);
Insert into HISTORIA_CLINICA (HISTORIA_CLINICA_ID,PACIENTE_ID,USUARIO_CREACION,FECHA_CREACION,USUARIO_MODIFICACION,FECHA_MODIFICACION,USUARIO_ID) values (10,10,'malcantara',to_timestamp('12/01/15 00:00:00,000000000','DD/MM/RR HH24:MI:SS,FF'),'malcantara',to_timestamp('12/01/15 00:00:00,000000000','DD/MM/RR HH24:MI:SS,FF'),1);

REM INSERTING into PATOLOGIA
Insert into PATOLOGIA (PATOLOGIA_ID,PATOLOGIA_NOMBRE,PATOLOGIA_DESCRIPCION,FECHA_CREACION,FECHA_MODIFICACION,USUARIO_CREACION,USUARIO_MODIFICACION) values (1,'Aparato Cardiovascular','Cardiovascular',to_timestamp('08/01/15 00:00:00,000000000','DD/MM/RR HH24:MI:SS,FF'),to_timestamp('08/01/15 00:00:00,000000000','DD/MM/RR HH24:MI:SS,FF'),'malcantara','malcantara');
Insert into PATOLOGIA (PATOLOGIA_ID,PATOLOGIA_NOMBRE,PATOLOGIA_DESCRIPCION,FECHA_CREACION,FECHA_MODIFICACION,USUARIO_CREACION,USUARIO_MODIFICACION) values (2,'Aparato Respiratorio','Respiratorio',to_timestamp('08/01/15 00:00:00,000000000','DD/MM/RR HH24:MI:SS,FF'),to_timestamp('08/01/15 00:00:00,000000000','DD/MM/RR HH24:MI:SS,FF'),'malcantara','malcantara');
Insert into PATOLOGIA (PATOLOGIA_ID,PATOLOGIA_NOMBRE,PATOLOGIA_DESCRIPCION,FECHA_CREACION,FECHA_MODIFICACION,USUARIO_CREACION,USUARIO_MODIFICACION) values (3,'Aparato Digestivo','Digestivo',to_timestamp('08/01/15 00:00:00,000000000','DD/MM/RR HH24:MI:SS,FF'),to_timestamp('08/01/15 00:00:00,000000000','DD/MM/RR HH24:MI:SS,FF'),'malcantara','malcantara');
Insert into PATOLOGIA (PATOLOGIA_ID,PATOLOGIA_NOMBRE,PATOLOGIA_DESCRIPCION,FECHA_CREACION,FECHA_MODIFICACION,USUARIO_CREACION,USUARIO_MODIFICACION) values (4,'Aparato Nervioso','Nervioso',to_timestamp('08/01/15 00:00:00,000000000','DD/MM/RR HH24:MI:SS,FF'),to_timestamp('08/01/15 00:00:00,000000000','DD/MM/RR HH24:MI:SS,FF'),'malcantara','malcantara');
Insert into PATOLOGIA (PATOLOGIA_ID,PATOLOGIA_NOMBRE,PATOLOGIA_DESCRIPCION,FECHA_CREACION,FECHA_MODIFICACION,USUARIO_CREACION,USUARIO_MODIFICACION) values (5,'Endocrinologia y Metabolismo','Endocrinologia y Metabolismo',to_timestamp('08/01/15 00:00:00,000000000','DD/MM/RR HH24:MI:SS,FF'),to_timestamp('08/01/15 00:00:00,000000000','DD/MM/RR HH24:MI:SS,FF'),'malcantara','malcantara');
Insert into PATOLOGIA (PATOLOGIA_ID,PATOLOGIA_NOMBRE,PATOLOGIA_DESCRIPCION,FECHA_CREACION,FECHA_MODIFICACION,USUARIO_CREACION,USUARIO_MODIFICACION) values (6,'Genito Urinario','Genito Urinario',to_timestamp('08/01/15 00:00:00,000000000','DD/MM/RR HH24:MI:SS,FF'),to_timestamp('08/01/15 00:00:00,000000000','DD/MM/RR HH24:MI:SS,FF'),'malcantara','malcantara');
Insert into PATOLOGIA (PATOLOGIA_ID,PATOLOGIA_NOMBRE,PATOLOGIA_DESCRIPCION,FECHA_CREACION,FECHA_MODIFICACION,USUARIO_CREACION,USUARIO_MODIFICACION) values (7,'Infeccioso','Infeccioso',to_timestamp('08/01/15 00:00:00,000000000','DD/MM/RR HH24:MI:SS,FF'),to_timestamp('08/01/15 00:00:00,000000000','DD/MM/RR HH24:MI:SS,FF'),'malcantara','malcantara');
Insert into PATOLOGIA (PATOLOGIA_ID,PATOLOGIA_NOMBRE,PATOLOGIA_DESCRIPCION,FECHA_CREACION,FECHA_MODIFICACION,USUARIO_CREACION,USUARIO_MODIFICACION) values (8,'Psiquiatria','Psiquiatria',to_timestamp('08/01/15 00:00:00,000000000','DD/MM/RR HH24:MI:SS,FF'),to_timestamp('08/01/15 00:00:00,000000000','DD/MM/RR HH24:MI:SS,FF'),'malcantara','malcantara');
Insert into PATOLOGIA (PATOLOGIA_ID,PATOLOGIA_NOMBRE,PATOLOGIA_DESCRIPCION,FECHA_CREACION,FECHA_MODIFICACION,USUARIO_CREACION,USUARIO_MODIFICACION) values (9,'Hemolinfopoyetico','Hemolinfopoyetico',to_timestamp('08/01/15 00:00:00,000000000','DD/MM/RR HH24:MI:SS,FF'),to_timestamp('08/01/15 00:00:00,000000000','DD/MM/RR HH24:MI:SS,FF'),'malcantara','malcantara');
Insert into PATOLOGIA (PATOLOGIA_ID,PATOLOGIA_NOMBRE,PATOLOGIA_DESCRIPCION,FECHA_CREACION,FECHA_MODIFICACION,USUARIO_CREACION,USUARIO_MODIFICACION) values (10,'Sistema Oseo Mio Articular','Oseo Mio Articular',to_timestamp('08/01/15 00:00:00,000000000','DD/MM/RR HH24:MI:SS,FF'),to_timestamp('08/01/15 00:00:00,000000000','DD/MM/RR HH24:MI:SS,FF'),'malcantara','malcantara');
Insert into PATOLOGIA (PATOLOGIA_ID,PATOLOGIA_NOMBRE,PATOLOGIA_DESCRIPCION,FECHA_CREACION,FECHA_MODIFICACION,USUARIO_CREACION,USUARIO_MODIFICACION) values (11,'Tecoginecologico','Tecoginecologico',to_timestamp('08/01/15 00:00:00,000000000','DD/MM/RR HH24:MI:SS,FF'),to_timestamp('08/01/15 00:00:00,000000000','DD/MM/RR HH24:MI:SS,FF'),'malcantara','malcantara');


REM INSERTING into DETALLE_PATOLOGIA
Insert into DETALLE_PATOLOGIA (DETALLE_PAT_ID,PATOLOGIA_ID,DETALLE_PAT_NOMBRE,DETALLE_PAT_DESCRIPCION,FECHA_CREACION,FECHA_MODIFICACION,USUARIO_CREACION,USUARIO_MODIFICACION) values (1,1,'Hiper. Arterial','Hiper. Arterial',to_timestamp('08/01/15 00:00:00,000000000','DD/MM/RR HH24:MI:SS,FF'),to_timestamp('08/01/15 00:00:00,000000000','DD/MM/RR HH24:MI:SS,FF'),'malcantara','malcantara');
Insert into DETALLE_PATOLOGIA (DETALLE_PAT_ID,PATOLOGIA_ID,DETALLE_PAT_NOMBRE,DETALLE_PAT_DESCRIPCION,FECHA_CREACION,FECHA_MODIFICACION,USUARIO_CREACION,USUARIO_MODIFICACION) values (2,1,'Arritmias','Arritmias',to_timestamp('08/01/15 00:00:00,000000000','DD/MM/RR HH24:MI:SS,FF'),to_timestamp('08/01/15 00:00:00,000000000','DD/MM/RR HH24:MI:SS,FF'),'malcantara','malcantara');
Insert into DETALLE_PATOLOGIA (DETALLE_PAT_ID,PATOLOGIA_ID,DETALLE_PAT_NOMBRE,DETALLE_PAT_DESCRIPCION,FECHA_CREACION,FECHA_MODIFICACION,USUARIO_CREACION,USUARIO_MODIFICACION) values (3,1,'Valvulopatias','Valvulopatias',to_timestamp('08/01/15 00:00:00,000000000','DD/MM/RR HH24:MI:SS,FF'),to_timestamp('08/01/15 00:00:00,000000000','DD/MM/RR HH24:MI:SS,FF'),'malcantara','malcantara');
Insert into DETALLE_PATOLOGIA (DETALLE_PAT_ID,PATOLOGIA_ID,DETALLE_PAT_NOMBRE,DETALLE_PAT_DESCRIPCION,FECHA_CREACION,FECHA_MODIFICACION,USUARIO_CREACION,USUARIO_MODIFICACION) values (4,1,'I. Cardiaca','I. Cardiaca',to_timestamp('08/01/15 00:00:00,000000000','DD/MM/RR HH24:MI:SS,FF'),to_timestamp('08/01/15 00:00:00,000000000','DD/MM/RR HH24:MI:SS,FF'),'malcantara','malcantara');
Insert into DETALLE_PATOLOGIA (DETALLE_PAT_ID,PATOLOGIA_ID,DETALLE_PAT_NOMBRE,DETALLE_PAT_DESCRIPCION,FECHA_CREACION,FECHA_MODIFICACION,USUARIO_CREACION,USUARIO_MODIFICACION) values (5,1,'Coronariopatias','Coronariopatias',to_timestamp('08/01/15 00:00:00,000000000','DD/MM/RR HH24:MI:SS,FF'),to_timestamp('08/01/15 00:00:00,000000000','DD/MM/RR HH24:MI:SS,FF'),'malcantara','malcantara');
Insert into DETALLE_PATOLOGIA (DETALLE_PAT_ID,PATOLOGIA_ID,DETALLE_PAT_NOMBRE,DETALLE_PAT_DESCRIPCION,FECHA_CREACION,FECHA_MODIFICACION,USUARIO_CREACION,USUARIO_MODIFICACION) values (6,1,'Arteriopatias','Arteriopatias',to_timestamp('08/01/15 00:00:00,000000000','DD/MM/RR HH24:MI:SS,FF'),to_timestamp('08/01/15 00:00:00,000000000','DD/MM/RR HH24:MI:SS,FF'),'malcantara','malcantara');
Insert into DETALLE_PATOLOGIA (DETALLE_PAT_ID,PATOLOGIA_ID,DETALLE_PAT_NOMBRE,DETALLE_PAT_DESCRIPCION,FECHA_CREACION,FECHA_MODIFICACION,USUARIO_CREACION,USUARIO_MODIFICACION) values (7,1,'Flebopatias','Flebopatias',to_timestamp('08/01/15 00:00:00,000000000','DD/MM/RR HH24:MI:SS,FF'),to_timestamp('08/01/15 00:00:00,000000000','DD/MM/RR HH24:MI:SS,FF'),'malcantara','malcantara');
Insert into DETALLE_PATOLOGIA (DETALLE_PAT_ID,PATOLOGIA_ID,DETALLE_PAT_NOMBRE,DETALLE_PAT_DESCRIPCION,FECHA_CREACION,FECHA_MODIFICACION,USUARIO_CREACION,USUARIO_MODIFICACION) values (8,2,'Asma','Asma',to_timestamp('08/01/15 00:00:00,000000000','DD/MM/RR HH24:MI:SS,FF'),to_timestamp('08/01/15 00:00:00,000000000','DD/MM/RR HH24:MI:SS,FF'),'malcantara','malcantara');
Insert into DETALLE_PATOLOGIA (DETALLE_PAT_ID,PATOLOGIA_ID,DETALLE_PAT_NOMBRE,DETALLE_PAT_DESCRIPCION,FECHA_CREACION,FECHA_MODIFICACION,USUARIO_CREACION,USUARIO_MODIFICACION) values (9,2,'Bronquitis','Bronquitis',to_timestamp('08/01/15 00:00:00,000000000','DD/MM/RR HH24:MI:SS,FF'),to_timestamp('08/01/15 00:00:00,000000000','DD/MM/RR HH24:MI:SS,FF'),'malcantara','malcantara');
Insert into DETALLE_PATOLOGIA (DETALLE_PAT_ID,PATOLOGIA_ID,DETALLE_PAT_NOMBRE,DETALLE_PAT_DESCRIPCION,FECHA_CREACION,FECHA_MODIFICACION,USUARIO_CREACION,USUARIO_MODIFICACION) values (10,2,'Enfisema','Enfisema',to_timestamp('08/01/15 00:00:00,000000000','DD/MM/RR HH24:MI:SS,FF'),to_timestamp('08/01/15 00:00:00,000000000','DD/MM/RR HH24:MI:SS,FF'),'malcantara','malcantara');
Insert into DETALLE_PATOLOGIA (DETALLE_PAT_ID,PATOLOGIA_ID,DETALLE_PAT_NOMBRE,DETALLE_PAT_DESCRIPCION,FECHA_CREACION,FECHA_MODIFICACION,USUARIO_CREACION,USUARIO_MODIFICACION) values (11,2,'TBC','TBC',to_timestamp('08/01/15 00:00:00,000000000','DD/MM/RR HH24:MI:SS,FF'),to_timestamp('08/01/15 00:00:00,000000000','DD/MM/RR HH24:MI:SS,FF'),'malcantara','malcantara');
Insert into DETALLE_PATOLOGIA (DETALLE_PAT_ID,PATOLOGIA_ID,DETALLE_PAT_NOMBRE,DETALLE_PAT_DESCRIPCION,FECHA_CREACION,FECHA_MODIFICACION,USUARIO_CREACION,USUARIO_MODIFICACION) values (12,2,'Arritmias','Arritmias',to_timestamp('08/01/15 00:00:00,000000000','DD/MM/RR HH24:MI:SS,FF'),to_timestamp('08/01/15 00:00:00,000000000','DD/MM/RR HH24:MI:SS,FF'),'malcantara','malcantara');
Insert into DETALLE_PATOLOGIA (DETALLE_PAT_ID,PATOLOGIA_ID,DETALLE_PAT_NOMBRE,DETALLE_PAT_DESCRIPCION,FECHA_CREACION,FECHA_MODIFICACION,USUARIO_CREACION,USUARIO_MODIFICACION) values (13,3,'Gastritis','Gastritis',to_timestamp('08/01/15 00:00:00,000000000','DD/MM/RR HH24:MI:SS,FF'),to_timestamp('08/01/15 00:00:00,000000000','DD/MM/RR HH24:MI:SS,FF'),'malcantara','malcantara');
Insert into DETALLE_PATOLOGIA (DETALLE_PAT_ID,PATOLOGIA_ID,DETALLE_PAT_NOMBRE,DETALLE_PAT_DESCRIPCION,FECHA_CREACION,FECHA_MODIFICACION,USUARIO_CREACION,USUARIO_MODIFICACION) values (14,3,'Ulcera Peptica','Ulcera Peptica',to_timestamp('08/01/15 00:00:00,000000000','DD/MM/RR HH24:MI:SS,FF'),to_timestamp('08/01/15 00:00:00,000000000','DD/MM/RR HH24:MI:SS,FF'),'malcantara','malcantara');
Insert into DETALLE_PATOLOGIA (DETALLE_PAT_ID,PATOLOGIA_ID,DETALLE_PAT_NOMBRE,DETALLE_PAT_DESCRIPCION,FECHA_CREACION,FECHA_MODIFICACION,USUARIO_CREACION,USUARIO_MODIFICACION) values (15,3,'Diarrea Cronica','Diearrea Cronica',to_timestamp('08/01/15 00:00:00,000000000','DD/MM/RR HH24:MI:SS,FF'),to_timestamp('08/01/15 00:00:00,000000000','DD/MM/RR HH24:MI:SS,FF'),'malcantara','malcantara');
Insert into DETALLE_PATOLOGIA (DETALLE_PAT_ID,PATOLOGIA_ID,DETALLE_PAT_NOMBRE,DETALLE_PAT_DESCRIPCION,FECHA_CREACION,FECHA_MODIFICACION,USUARIO_CREACION,USUARIO_MODIFICACION) values (16,3,'Colecistopatias','Colecistopatias',to_timestamp('08/01/15 00:00:00,000000000','DD/MM/RR HH24:MI:SS,FF'),to_timestamp('08/01/15 00:00:00,000000000','DD/MM/RR HH24:MI:SS,FF'),'malcantara','malcantara');
Insert into DETALLE_PATOLOGIA (DETALLE_PAT_ID,PATOLOGIA_ID,DETALLE_PAT_NOMBRE,DETALLE_PAT_DESCRIPCION,FECHA_CREACION,FECHA_MODIFICACION,USUARIO_CREACION,USUARIO_MODIFICACION) values (17,3,'Hepatopatias','Hepatopatias',to_timestamp('08/01/15 00:00:00,000000000','DD/MM/RR HH24:MI:SS,FF'),to_timestamp('08/01/15 00:00:00,000000000','DD/MM/RR HH24:MI:SS,FF'),'malcantara','malcantara');
Insert into DETALLE_PATOLOGIA (DETALLE_PAT_ID,PATOLOGIA_ID,DETALLE_PAT_NOMBRE,DETALLE_PAT_DESCRIPCION,FECHA_CREACION,FECHA_MODIFICACION,USUARIO_CREACION,USUARIO_MODIFICACION) values (18,3,'Hemorroides','Hemorroides',to_timestamp('08/01/15 00:00:00,000000000','DD/MM/RR HH24:MI:SS,FF'),to_timestamp('08/01/15 00:00:00,000000000','DD/MM/RR HH24:MI:SS,FF'),'malcantara','malcantara');
Insert into DETALLE_PATOLOGIA (DETALLE_PAT_ID,PATOLOGIA_ID,DETALLE_PAT_NOMBRE,DETALLE_PAT_DESCRIPCION,FECHA_CREACION,FECHA_MODIFICACION,USUARIO_CREACION,USUARIO_MODIFICACION) values (19,4,'Sind. Isquemicos','Sind. Isquemicos',to_timestamp('08/01/15 00:00:00,000000000','DD/MM/RR HH24:MI:SS,FF'),to_timestamp('08/01/15 00:00:00,000000000','DD/MM/RR HH24:MI:SS,FF'),'malcantara','malcantara');
Insert into DETALLE_PATOLOGIA (DETALLE_PAT_ID,PATOLOGIA_ID,DETALLE_PAT_NOMBRE,DETALLE_PAT_DESCRIPCION,FECHA_CREACION,FECHA_MODIFICACION,USUARIO_CREACION,USUARIO_MODIFICACION) values (20,4,'Sind. Hemorraico','Sind. Hemorraico',to_timestamp('08/01/15 00:00:00,000000000','DD/MM/RR HH24:MI:SS,FF'),to_timestamp('08/01/15 00:00:00,000000000','DD/MM/RR HH24:MI:SS,FF'),'malcantara','malcantara');
Insert into DETALLE_PATOLOGIA (DETALLE_PAT_ID,PATOLOGIA_ID,DETALLE_PAT_NOMBRE,DETALLE_PAT_DESCRIPCION,FECHA_CREACION,FECHA_MODIFICACION,USUARIO_CREACION,USUARIO_MODIFICACION) values (21,4,'Cefaleas','Cefaleas',to_timestamp('08/01/15 00:00:00,000000000','DD/MM/RR HH24:MI:SS,FF'),to_timestamp('08/01/15 00:00:00,000000000','DD/MM/RR HH24:MI:SS,FF'),'malcantara','malcantara');
Insert into DETALLE_PATOLOGIA (DETALLE_PAT_ID,PATOLOGIA_ID,DETALLE_PAT_NOMBRE,DETALLE_PAT_DESCRIPCION,FECHA_CREACION,FECHA_MODIFICACION,USUARIO_CREACION,USUARIO_MODIFICACION) values (22,4,'Enf. Degenerativas','Enf. Degenerativas',to_timestamp('08/01/15 00:00:00,000000000','DD/MM/RR HH24:MI:SS,FF'),to_timestamp('08/01/15 00:00:00,000000000','DD/MM/RR HH24:MI:SS,FF'),'malcantara','malcantara');
Insert into DETALLE_PATOLOGIA (DETALLE_PAT_ID,PATOLOGIA_ID,DETALLE_PAT_NOMBRE,DETALLE_PAT_DESCRIPCION,FECHA_CREACION,FECHA_MODIFICACION,USUARIO_CREACION,USUARIO_MODIFICACION) values (23,4,'Neu. Perifericas','Neu. Perifericas',to_timestamp('08/01/15 00:00:00,000000000','DD/MM/RR HH24:MI:SS,FF'),to_timestamp('08/01/15 00:00:00,000000000','DD/MM/RR HH24:MI:SS,FF'),'malcantara','malcantara');
Insert into DETALLE_PATOLOGIA (DETALLE_PAT_ID,PATOLOGIA_ID,DETALLE_PAT_NOMBRE,DETALLE_PAT_DESCRIPCION,FECHA_CREACION,FECHA_MODIFICACION,USUARIO_CREACION,USUARIO_MODIFICACION) values (24,4,'Traumas Medulares','Traumas Medulares',to_timestamp('08/01/15 00:00:00,000000000','DD/MM/RR HH24:MI:SS,FF'),to_timestamp('08/01/15 00:00:00,000000000','DD/MM/RR HH24:MI:SS,FF'),'malcantara','malcantara');
Insert into DETALLE_PATOLOGIA (DETALLE_PAT_ID,PATOLOGIA_ID,DETALLE_PAT_NOMBRE,DETALLE_PAT_DESCRIPCION,FECHA_CREACION,FECHA_MODIFICACION,USUARIO_CREACION,USUARIO_MODIFICACION) values (25,5,'Diabetes','Diabetes',to_timestamp('08/01/15 00:00:00,000000000','DD/MM/RR HH24:MI:SS,FF'),to_timestamp('08/01/15 00:00:00,000000000','DD/MM/RR HH24:MI:SS,FF'),'malcantara','malcantara');
Insert into DETALLE_PATOLOGIA (DETALLE_PAT_ID,PATOLOGIA_ID,DETALLE_PAT_NOMBRE,DETALLE_PAT_DESCRIPCION,FECHA_CREACION,FECHA_MODIFICACION,USUARIO_CREACION,USUARIO_MODIFICACION) values (26,5,'Hipotiroidismo','Hipotiroidismo',to_timestamp('08/01/15 00:00:00,000000000','DD/MM/RR HH24:MI:SS,FF'),to_timestamp('08/01/15 00:00:00,000000000','DD/MM/RR HH24:MI:SS,FF'),'malcantara','malcantara');
Insert into DETALLE_PATOLOGIA (DETALLE_PAT_ID,PATOLOGIA_ID,DETALLE_PAT_NOMBRE,DETALLE_PAT_DESCRIPCION,FECHA_CREACION,FECHA_MODIFICACION,USUARIO_CREACION,USUARIO_MODIFICACION) values (27,5,'Hipertiroidismo','Hipertiroidismo',to_timestamp('08/01/15 00:00:00,000000000','DD/MM/RR HH24:MI:SS,FF'),to_timestamp('08/01/15 00:00:00,000000000','DD/MM/RR HH24:MI:SS,FF'),'malcantara','malcantara');
Insert into DETALLE_PATOLOGIA (DETALLE_PAT_ID,PATOLOGIA_ID,DETALLE_PAT_NOMBRE,DETALLE_PAT_DESCRIPCION,FECHA_CREACION,FECHA_MODIFICACION,USUARIO_CREACION,USUARIO_MODIFICACION) values (28,6,'Inf. Urinarias','Inf. Urinarias',to_timestamp('08/01/15 00:00:00,000000000','DD/MM/RR HH24:MI:SS,FF'),to_timestamp('08/01/15 00:00:00,000000000','DD/MM/RR HH24:MI:SS,FF'),'malcantara','malcantara');
Insert into DETALLE_PATOLOGIA (DETALLE_PAT_ID,PATOLOGIA_ID,DETALLE_PAT_NOMBRE,DETALLE_PAT_DESCRIPCION,FECHA_CREACION,FECHA_MODIFICACION,USUARIO_CREACION,USUARIO_MODIFICACION) values (29,6,'Litiasis','Litiasis',to_timestamp('08/01/15 00:00:00,000000000','DD/MM/RR HH24:MI:SS,FF'),to_timestamp('08/01/15 00:00:00,000000000','DD/MM/RR HH24:MI:SS,FF'),'malcantara','malcantara');
Insert into DETALLE_PATOLOGIA (DETALLE_PAT_ID,PATOLOGIA_ID,DETALLE_PAT_NOMBRE,DETALLE_PAT_DESCRIPCION,FECHA_CREACION,FECHA_MODIFICACION,USUARIO_CREACION,USUARIO_MODIFICACION) values (30,6,'Protatismo','Protatismo',to_timestamp('08/01/15 00:00:00,000000000','DD/MM/RR HH24:MI:SS,FF'),to_timestamp('08/01/15 00:00:00,000000000','DD/MM/RR HH24:MI:SS,FF'),'malcantara','malcantara');
Insert into DETALLE_PATOLOGIA (DETALLE_PAT_ID,PATOLOGIA_ID,DETALLE_PAT_NOMBRE,DETALLE_PAT_DESCRIPCION,FECHA_CREACION,FECHA_MODIFICACION,USUARIO_CREACION,USUARIO_MODIFICACION) values (31,6,'I.R.C.','I.R.C.',to_timestamp('08/01/15 00:00:00,000000000','DD/MM/RR HH24:MI:SS,FF'),to_timestamp('08/01/15 00:00:00,000000000','DD/MM/RR HH24:MI:SS,FF'),'malcantara','malcantara');
Insert into DETALLE_PATOLOGIA (DETALLE_PAT_ID,PATOLOGIA_ID,DETALLE_PAT_NOMBRE,DETALLE_PAT_DESCRIPCION,FECHA_CREACION,FECHA_MODIFICACION,USUARIO_CREACION,USUARIO_MODIFICACION) values (32,7,'Venereas','Venereas',to_timestamp('08/01/15 00:00:00,000000000','DD/MM/RR HH24:MI:SS,FF'),to_timestamp('08/01/15 00:00:00,000000000','DD/MM/RR HH24:MI:SS,FF'),'malcantara','malcantara');
Insert into DETALLE_PATOLOGIA (DETALLE_PAT_ID,PATOLOGIA_ID,DETALLE_PAT_NOMBRE,DETALLE_PAT_DESCRIPCION,FECHA_CREACION,FECHA_MODIFICACION,USUARIO_CREACION,USUARIO_MODIFICACION) values (33,7,'Chagas','Chagas',to_timestamp('08/01/15 00:00:00,000000000','DD/MM/RR HH24:MI:SS,FF'),to_timestamp('08/01/15 00:00:00,000000000','DD/MM/RR HH24:MI:SS,FF'),'malcantara','malcantara');
Insert into DETALLE_PATOLOGIA (DETALLE_PAT_ID,PATOLOGIA_ID,DETALLE_PAT_NOMBRE,DETALLE_PAT_DESCRIPCION,FECHA_CREACION,FECHA_MODIFICACION,USUARIO_CREACION,USUARIO_MODIFICACION) values (34,7,'Parasitosis','Parasitosis',to_timestamp('08/01/15 00:00:00,000000000','DD/MM/RR HH24:MI:SS,FF'),to_timestamp('08/01/15 00:00:00,000000000','DD/MM/RR HH24:MI:SS,FF'),'malcantara','malcantara');
Insert into DETALLE_PATOLOGIA (DETALLE_PAT_ID,PATOLOGIA_ID,DETALLE_PAT_NOMBRE,DETALLE_PAT_DESCRIPCION,FECHA_CREACION,FECHA_MODIFICACION,USUARIO_CREACION,USUARIO_MODIFICACION) values (35,8,'Demencia','Demencia',to_timestamp('08/01/15 00:00:00,000000000','DD/MM/RR HH24:MI:SS,FF'),to_timestamp('08/01/15 00:00:00,000000000','DD/MM/RR HH24:MI:SS,FF'),'malcantara','malcantara');
Insert into DETALLE_PATOLOGIA (DETALLE_PAT_ID,PATOLOGIA_ID,DETALLE_PAT_NOMBRE,DETALLE_PAT_DESCRIPCION,FECHA_CREACION,FECHA_MODIFICACION,USUARIO_CREACION,USUARIO_MODIFICACION) values (36,8,'Depresion','Depresion',to_timestamp('08/01/15 00:00:00,000000000','DD/MM/RR HH24:MI:SS,FF'),to_timestamp('08/01/15 00:00:00,000000000','DD/MM/RR HH24:MI:SS,FF'),'malcantara','malcantara');
Insert into DETALLE_PATOLOGIA (DETALLE_PAT_ID,PATOLOGIA_ID,DETALLE_PAT_NOMBRE,DETALLE_PAT_DESCRIPCION,FECHA_CREACION,FECHA_MODIFICACION,USUARIO_CREACION,USUARIO_MODIFICACION) values (37,8,'Psicosis','Psicosis',to_timestamp('08/01/15 00:00:00,000000000','DD/MM/RR HH24:MI:SS,FF'),to_timestamp('08/01/15 00:00:00,000000000','DD/MM/RR HH24:MI:SS,FF'),'malcantara','malcantara');
Insert into DETALLE_PATOLOGIA (DETALLE_PAT_ID,PATOLOGIA_ID,DETALLE_PAT_NOMBRE,DETALLE_PAT_DESCRIPCION,FECHA_CREACION,FECHA_MODIFICACION,USUARIO_CREACION,USUARIO_MODIFICACION) values (38,9,'Anemia','Anemia',to_timestamp('08/01/15 00:00:00,000000000','DD/MM/RR HH24:MI:SS,FF'),to_timestamp('08/01/15 00:00:00,000000000','DD/MM/RR HH24:MI:SS,FF'),'malcantara','malcantara');
Insert into DETALLE_PATOLOGIA (DETALLE_PAT_ID,PATOLOGIA_ID,DETALLE_PAT_NOMBRE,DETALLE_PAT_DESCRIPCION,FECHA_CREACION,FECHA_MODIFICACION,USUARIO_CREACION,USUARIO_MODIFICACION) values (39,9,'Leucosis','Leucosis',to_timestamp('08/01/15 00:00:00,000000000','DD/MM/RR HH24:MI:SS,FF'),to_timestamp('08/01/15 00:00:00,000000000','DD/MM/RR HH24:MI:SS,FF'),'malcantara','malcantara');
Insert into DETALLE_PATOLOGIA (DETALLE_PAT_ID,PATOLOGIA_ID,DETALLE_PAT_NOMBRE,DETALLE_PAT_DESCRIPCION,FECHA_CREACION,FECHA_MODIFICACION,USUARIO_CREACION,USUARIO_MODIFICACION) values (40,9,'Linfomas','Linfomas',to_timestamp('08/01/15 00:00:00,000000000','DD/MM/RR HH24:MI:SS,FF'),to_timestamp('08/01/15 00:00:00,000000000','DD/MM/RR HH24:MI:SS,FF'),'malcantara','malcantara');
Insert into DETALLE_PATOLOGIA (DETALLE_PAT_ID,PATOLOGIA_ID,DETALLE_PAT_NOMBRE,DETALLE_PAT_DESCRIPCION,FECHA_CREACION,FECHA_MODIFICACION,USUARIO_CREACION,USUARIO_MODIFICACION) values (41,10,'A. Reumatoidea','A. Reumatoidea',to_timestamp('08/01/15 00:00:00,000000000','DD/MM/RR HH24:MI:SS,FF'),to_timestamp('08/01/15 00:00:00,000000000','DD/MM/RR HH24:MI:SS,FF'),'malcantara','malcantara');
Insert into DETALLE_PATOLOGIA (DETALLE_PAT_ID,PATOLOGIA_ID,DETALLE_PAT_NOMBRE,DETALLE_PAT_DESCRIPCION,FECHA_CREACION,FECHA_MODIFICACION,USUARIO_CREACION,USUARIO_MODIFICACION) values (42,10,'Artrosis','Artrosis',to_timestamp('08/01/15 00:00:00,000000000','DD/MM/RR HH24:MI:SS,FF'),to_timestamp('08/01/15 00:00:00,000000000','DD/MM/RR HH24:MI:SS,FF'),'malcantara','malcantara');
Insert into DETALLE_PATOLOGIA (DETALLE_PAT_ID,PATOLOGIA_ID,DETALLE_PAT_NOMBRE,DETALLE_PAT_DESCRIPCION,FECHA_CREACION,FECHA_MODIFICACION,USUARIO_CREACION,USUARIO_MODIFICACION) values (43,10,'Osteoporosis','Osteoporosis',to_timestamp('08/01/15 00:00:00,000000000','DD/MM/RR HH24:MI:SS,FF'),to_timestamp('08/01/15 00:00:00,000000000','DD/MM/RR HH24:MI:SS,FF'),'malcantara','malcantara');
Insert into DETALLE_PATOLOGIA (DETALLE_PAT_ID,PATOLOGIA_ID,DETALLE_PAT_NOMBRE,DETALLE_PAT_DESCRIPCION,FECHA_CREACION,FECHA_MODIFICACION,USUARIO_CREACION,USUARIO_MODIFICACION) values (44,10,'Ostromielitis','Osteomielitis',to_timestamp('08/01/15 00:00:00,000000000','DD/MM/RR HH24:MI:SS,FF'),to_timestamp('08/01/15 00:00:00,000000000','DD/MM/RR HH24:MI:SS,FF'),'malcantara','malcantara');
Insert into DETALLE_PATOLOGIA (DETALLE_PAT_ID,PATOLOGIA_ID,DETALLE_PAT_NOMBRE,DETALLE_PAT_DESCRIPCION,FECHA_CREACION,FECHA_MODIFICACION,USUARIO_CREACION,USUARIO_MODIFICACION) values (45,11,'Numero de Embarazos','Numero de Embarazos',to_timestamp('08/01/15 00:00:00,000000000','DD/MM/RR HH24:MI:SS,FF'),to_timestamp('08/01/15 00:00:00,000000000','DD/MM/RR HH24:MI:SS,FF'),'malcantara','malcantara');
Insert into DETALLE_PATOLOGIA (DETALLE_PAT_ID,PATOLOGIA_ID,DETALLE_PAT_NOMBRE,DETALLE_PAT_DESCRIPCION,FECHA_CREACION,FECHA_MODIFICACION,USUARIO_CREACION,USUARIO_MODIFICACION) values (46,11,'Numero de Partos','Numero de Partos',to_timestamp('08/01/15 00:00:00,000000000','DD/MM/RR HH24:MI:SS,FF'),to_timestamp('08/01/15 00:00:00,000000000','DD/MM/RR HH24:MI:SS,FF'),'malcantara','malcantara');
Insert into DETALLE_PATOLOGIA (DETALLE_PAT_ID,PATOLOGIA_ID,DETALLE_PAT_NOMBRE,DETALLE_PAT_DESCRIPCION,FECHA_CREACION,FECHA_MODIFICACION,USUARIO_CREACION,USUARIO_MODIFICACION) values (47,11,'F.U.M. (Si Mestrua)','F.U.M. (Si Mestrua)',to_timestamp('08/01/15 00:00:00,000000000','DD/MM/RR HH24:MI:SS,FF'),to_timestamp('08/01/15 00:00:00,000000000','DD/MM/RR HH24:MI:SS,FF'),'malcantara','malcantara');
Insert into DETALLE_PATOLOGIA (DETALLE_PAT_ID,PATOLOGIA_ID,DETALLE_PAT_NOMBRE,DETALLE_PAT_DESCRIPCION,FECHA_CREACION,FECHA_MODIFICACION,USUARIO_CREACION,USUARIO_MODIFICACION) values (48,11,'Menospausia (Edad)','Menospausia (Edad)',to_timestamp('08/01/15 00:00:00,000000000','DD/MM/RR HH24:MI:SS,FF'),to_timestamp('08/01/15 00:00:00,000000000','DD/MM/RR HH24:MI:SS,FF'),'malcantara','malcantara');
Insert into DETALLE_PATOLOGIA (DETALLE_PAT_ID,PATOLOGIA_ID,DETALLE_PAT_NOMBRE,DETALLE_PAT_DESCRIPCION,FECHA_CREACION,FECHA_MODIFICACION,USUARIO_CREACION,USUARIO_MODIFICACION) values (49,11,'Dolor Pelvico','Dolor Pelvico',to_timestamp('08/01/15 00:00:00,000000000','DD/MM/RR HH24:MI:SS,FF'),to_timestamp('08/01/15 00:00:00,000000000','DD/MM/RR HH24:MI:SS,FF'),'malcantara','malcantara');
Insert into DETALLE_PATOLOGIA (DETALLE_PAT_ID,PATOLOGIA_ID,DETALLE_PAT_NOMBRE,DETALLE_PAT_DESCRIPCION,FECHA_CREACION,FECHA_MODIFICACION,USUARIO_CREACION,USUARIO_MODIFICACION) values (50,11,'Dismenorreas','Dismoenorreas',to_timestamp('08/01/15 00:00:00,000000000','DD/MM/RR HH24:MI:SS,FF'),to_timestamp('08/01/15 00:00:00,000000000','DD/MM/RR HH24:MI:SS,FF'),'malcantara','malcantara');
Insert into DETALLE_PATOLOGIA (DETALLE_PAT_ID,PATOLOGIA_ID,DETALLE_PAT_NOMBRE,DETALLE_PAT_DESCRIPCION,FECHA_CREACION,FECHA_MODIFICACION,USUARIO_CREACION,USUARIO_MODIFICACION) values (51,11,'H. Genital Anormal','H. Genital Anormal',to_timestamp('08/01/15 00:00:00,000000000','DD/MM/RR HH24:MI:SS,FF'),to_timestamp('08/01/15 00:00:00,000000000','DD/MM/RR HH24:MI:SS,FF'),'malcantara','malcantara');



REM INSERTING into ANTECEDENTE_PER_PATOLOGICO
Insert into ANTECEDENTE_PER_PATOLOGICO (ANTECEDENTE_PER_PAT_ID,ANTECEDENTE_PER_NOMBRE,ANTECEDENTE_PER_DESCRIPCION,USUARIO_CREACION,FECHA_CREACION,USUARIO_MODIFICACION,FECHA_MODIFICACION,HISTORIA_CLINICA_ID,DETALLE_PAT_ID) values (1,'Hiper. Arterial','Hiper. Arterial','malcantara',to_timestamp('12/01/15 00:00:00,000000000','DD/MM/RR HH24:MI:SS,FF'),'malcantara',to_timestamp('12/01/15 00:00:00,000000000','DD/MM/RR HH24:MI:SS,FF'),1,1);
Insert into ANTECEDENTE_PER_PATOLOGICO (ANTECEDENTE_PER_PAT_ID,ANTECEDENTE_PER_NOMBRE,ANTECEDENTE_PER_DESCRIPCION,USUARIO_CREACION,FECHA_CREACION,USUARIO_MODIFICACION,FECHA_MODIFICACION,HISTORIA_CLINICA_ID,DETALLE_PAT_ID) values (2,'Bronquitis','Bronquitis','malcantara',to_timestamp('12/01/15 00:00:00,000000000','DD/MM/RR HH24:MI:SS,FF'),'malcantara',to_timestamp('12/01/15 00:00:00,000000000','DD/MM/RR HH24:MI:SS,FF'),1,9);
Insert into ANTECEDENTE_PER_PATOLOGICO (ANTECEDENTE_PER_PAT_ID,ANTECEDENTE_PER_NOMBRE,ANTECEDENTE_PER_DESCRIPCION,USUARIO_CREACION,FECHA_CREACION,USUARIO_MODIFICACION,FECHA_MODIFICACION,HISTORIA_CLINICA_ID,DETALLE_PAT_ID) values (3,'Gastritis','Gastritis','malcantara',to_timestamp('12/01/15 00:00:00,000000000','DD/MM/RR HH24:MI:SS,FF'),'malcantara',to_timestamp('12/01/15 00:00:00,000000000','DD/MM/RR HH24:MI:SS,FF'),1,13);
Insert into ANTECEDENTE_PER_PATOLOGICO (ANTECEDENTE_PER_PAT_ID,ANTECEDENTE_PER_NOMBRE,ANTECEDENTE_PER_DESCRIPCION,USUARIO_CREACION,FECHA_CREACION,USUARIO_MODIFICACION,FECHA_MODIFICACION,HISTORIA_CLINICA_ID,DETALLE_PAT_ID) values (4,'Diabetes','Diabetes','malcantara',to_timestamp('12/01/15 00:00:00,000000000','DD/MM/RR HH24:MI:SS,FF'),'malcantara',to_timestamp('12/01/15 00:00:00,000000000','DD/MM/RR HH24:MI:SS,FF'),1,25);
Insert into ANTECEDENTE_PER_PATOLOGICO (ANTECEDENTE_PER_PAT_ID,ANTECEDENTE_PER_NOMBRE,ANTECEDENTE_PER_DESCRIPCION,USUARIO_CREACION,FECHA_CREACION,USUARIO_MODIFICACION,FECHA_MODIFICACION,HISTORIA_CLINICA_ID,DETALLE_PAT_ID) values (5,'Hipotiroidismo','Hipotiroidismo','malcantara',to_timestamp('12/01/15 00:00:00,000000000','DD/MM/RR HH24:MI:SS,FF'),'malcantara',to_timestamp('12/01/15 00:00:00,000000000','DD/MM/RR HH24:MI:SS,FF'),1,26);
Insert into ANTECEDENTE_PER_PATOLOGICO (ANTECEDENTE_PER_PAT_ID,ANTECEDENTE_PER_NOMBRE,ANTECEDENTE_PER_DESCRIPCION,USUARIO_CREACION,FECHA_CREACION,USUARIO_MODIFICACION,FECHA_MODIFICACION,HISTORIA_CLINICA_ID,DETALLE_PAT_ID) values (6,'Hipertiroidismo','Hipertiroidismo','malcantara',to_timestamp('12/01/15 00:00:00,000000000','DD/MM/RR HH24:MI:SS,FF'),'malcantara',to_timestamp('12/01/15 00:00:00,000000000','DD/MM/RR HH24:MI:SS,FF'),1,27);
Insert into ANTECEDENTE_PER_PATOLOGICO (ANTECEDENTE_PER_PAT_ID,ANTECEDENTE_PER_NOMBRE,ANTECEDENTE_PER_DESCRIPCION,USUARIO_CREACION,FECHA_CREACION,USUARIO_MODIFICACION,FECHA_MODIFICACION,HISTORIA_CLINICA_ID,DETALLE_PAT_ID) values (7,'Litiasis','Litiasis','malcantara',to_timestamp('12/01/15 00:00:00,000000000','DD/MM/RR HH24:MI:SS,FF'),'malcantara',to_timestamp('12/01/15 00:00:00,000000000','DD/MM/RR HH24:MI:SS,FF'),1,29);
Insert into ANTECEDENTE_PER_PATOLOGICO (ANTECEDENTE_PER_PAT_ID,ANTECEDENTE_PER_NOMBRE,ANTECEDENTE_PER_DESCRIPCION,USUARIO_CREACION,FECHA_CREACION,USUARIO_MODIFICACION,FECHA_MODIFICACION,HISTORIA_CLINICA_ID,DETALLE_PAT_ID) values (8,'Leucosis','Leucosis','malcantara',to_timestamp('12/01/15 00:00:00,000000000','DD/MM/RR HH24:MI:SS,FF'),'malcantara',to_timestamp('12/01/15 00:00:00,000000000','DD/MM/RR HH24:MI:SS,FF'),1,39);
Insert into ANTECEDENTE_PER_PATOLOGICO (ANTECEDENTE_PER_PAT_ID,ANTECEDENTE_PER_NOMBRE,ANTECEDENTE_PER_DESCRIPCION,USUARIO_CREACION,FECHA_CREACION,USUARIO_MODIFICACION,FECHA_MODIFICACION,HISTORIA_CLINICA_ID,DETALLE_PAT_ID) values (9,'Linfomas','Linfomas','malcantara',to_timestamp('12/01/15 00:00:00,000000000','DD/MM/RR HH24:MI:SS,FF'),'malcantara',to_timestamp('12/01/15 00:00:00,000000000','DD/MM/RR HH24:MI:SS,FF'),1,40);
Insert into ANTECEDENTE_PER_PATOLOGICO (ANTECEDENTE_PER_PAT_ID,ANTECEDENTE_PER_NOMBRE,ANTECEDENTE_PER_DESCRIPCION,USUARIO_CREACION,FECHA_CREACION,USUARIO_MODIFICACION,FECHA_MODIFICACION,HISTORIA_CLINICA_ID,DETALLE_PAT_ID) values (10,'Artrosis','Artrosis','malcantara',to_timestamp('12/01/15 00:00:00,000000000','DD/MM/RR HH24:MI:SS,FF'),'malcantara',to_timestamp('12/01/15 00:00:00,000000000','DD/MM/RR HH24:MI:SS,FF'),1,42);
Insert into ANTECEDENTE_PER_PATOLOGICO (ANTECEDENTE_PER_PAT_ID,ANTECEDENTE_PER_NOMBRE,ANTECEDENTE_PER_DESCRIPCION,USUARIO_CREACION,FECHA_CREACION,USUARIO_MODIFICACION,FECHA_MODIFICACION,HISTORIA_CLINICA_ID,DETALLE_PAT_ID) values (11,'I. Cardiaca','I. Cardiaca','malcantara',to_timestamp('12/01/15 00:00:00,000000000','DD/MM/RR HH24:MI:SS,FF'),'malcantara',to_timestamp('12/01/15 00:00:00,000000000','DD/MM/RR HH24:MI:SS,FF'),2,4);
Insert into ANTECEDENTE_PER_PATOLOGICO (ANTECEDENTE_PER_PAT_ID,ANTECEDENTE_PER_NOMBRE,ANTECEDENTE_PER_DESCRIPCION,USUARIO_CREACION,FECHA_CREACION,USUARIO_MODIFICACION,FECHA_MODIFICACION,HISTORIA_CLINICA_ID,DETALLE_PAT_ID) values (12,'Bronquitis','Bronquitis','malcantara',to_timestamp('12/01/15 00:00:00,000000000','DD/MM/RR HH24:MI:SS,FF'),'malcantara',to_timestamp('12/01/15 00:00:00,000000000','DD/MM/RR HH24:MI:SS,FF'),2,9);
Insert into ANTECEDENTE_PER_PATOLOGICO (ANTECEDENTE_PER_PAT_ID,ANTECEDENTE_PER_NOMBRE,ANTECEDENTE_PER_DESCRIPCION,USUARIO_CREACION,FECHA_CREACION,USUARIO_MODIFICACION,FECHA_MODIFICACION,HISTORIA_CLINICA_ID,DETALLE_PAT_ID) values (13,'Gastritis','Gastritis','malcantara',to_timestamp('12/01/15 00:00:00,000000000','DD/MM/RR HH24:MI:SS,FF'),'malcantara',to_timestamp('12/01/15 00:00:00,000000000','DD/MM/RR HH24:MI:SS,FF'),2,13);
Insert into ANTECEDENTE_PER_PATOLOGICO (ANTECEDENTE_PER_PAT_ID,ANTECEDENTE_PER_NOMBRE,ANTECEDENTE_PER_DESCRIPCION,USUARIO_CREACION,FECHA_CREACION,USUARIO_MODIFICACION,FECHA_MODIFICACION,HISTORIA_CLINICA_ID,DETALLE_PAT_ID) values (14,'Diabetes','Diabetes','malcantara',to_timestamp('12/01/15 00:00:00,000000000','DD/MM/RR HH24:MI:SS,FF'),'malcantara',to_timestamp('12/01/15 00:00:00,000000000','DD/MM/RR HH24:MI:SS,FF'),2,25);
Insert into ANTECEDENTE_PER_PATOLOGICO (ANTECEDENTE_PER_PAT_ID,ANTECEDENTE_PER_NOMBRE,ANTECEDENTE_PER_DESCRIPCION,USUARIO_CREACION,FECHA_CREACION,USUARIO_MODIFICACION,FECHA_MODIFICACION,HISTORIA_CLINICA_ID,DETALLE_PAT_ID) values (15,'Hipotiroidismo','Hipotiroidismo','malcantara',to_timestamp('12/01/15 00:00:00,000000000','DD/MM/RR HH24:MI:SS,FF'),'malcantara',to_timestamp('12/01/15 00:00:00,000000000','DD/MM/RR HH24:MI:SS,FF'),2,26);
Insert into ANTECEDENTE_PER_PATOLOGICO (ANTECEDENTE_PER_PAT_ID,ANTECEDENTE_PER_NOMBRE,ANTECEDENTE_PER_DESCRIPCION,USUARIO_CREACION,FECHA_CREACION,USUARIO_MODIFICACION,FECHA_MODIFICACION,HISTORIA_CLINICA_ID,DETALLE_PAT_ID) values (16,'Inf. Urinaria','Inf. Urinaria','malcantara',to_timestamp('12/01/15 00:00:00,000000000','DD/MM/RR HH24:MI:SS,FF'),'malcantara',to_timestamp('12/01/15 00:00:00,000000000','DD/MM/RR HH24:MI:SS,FF'),2,28);
Insert into ANTECEDENTE_PER_PATOLOGICO (ANTECEDENTE_PER_PAT_ID,ANTECEDENTE_PER_NOMBRE,ANTECEDENTE_PER_DESCRIPCION,USUARIO_CREACION,FECHA_CREACION,USUARIO_MODIFICACION,FECHA_MODIFICACION,HISTORIA_CLINICA_ID,DETALLE_PAT_ID) values (17,'Demencia','Demencia','malcantara',to_timestamp('12/01/15 00:00:00,000000000','DD/MM/RR HH24:MI:SS,FF'),'malcantara',to_timestamp('12/01/15 00:00:00,000000000','DD/MM/RR HH24:MI:SS,FF'),2,35);
Insert into ANTECEDENTE_PER_PATOLOGICO (ANTECEDENTE_PER_PAT_ID,ANTECEDENTE_PER_NOMBRE,ANTECEDENTE_PER_DESCRIPCION,USUARIO_CREACION,FECHA_CREACION,USUARIO_MODIFICACION,FECHA_MODIFICACION,HISTORIA_CLINICA_ID,DETALLE_PAT_ID) values (18,'Anemia','Anemia','malcantara',to_timestamp('12/01/15 00:00:00,000000000','DD/MM/RR HH24:MI:SS,FF'),'malcantara',to_timestamp('12/01/15 00:00:00,000000000','DD/MM/RR HH24:MI:SS,FF'),2,38);
Insert into ANTECEDENTE_PER_PATOLOGICO (ANTECEDENTE_PER_PAT_ID,ANTECEDENTE_PER_NOMBRE,ANTECEDENTE_PER_DESCRIPCION,USUARIO_CREACION,FECHA_CREACION,USUARIO_MODIFICACION,FECHA_MODIFICACION,HISTORIA_CLINICA_ID,DETALLE_PAT_ID) values (19,'Reumatoidea','Reumatoidea','malcantara',to_timestamp('12/01/15 00:00:00,000000000','DD/MM/RR HH24:MI:SS,FF'),'malcantara',to_timestamp('12/01/15 00:00:00,000000000','DD/MM/RR HH24:MI:SS,FF'),2,41);
Insert into ANTECEDENTE_PER_PATOLOGICO (ANTECEDENTE_PER_PAT_ID,ANTECEDENTE_PER_NOMBRE,ANTECEDENTE_PER_DESCRIPCION,USUARIO_CREACION,FECHA_CREACION,USUARIO_MODIFICACION,FECHA_MODIFICACION,HISTORIA_CLINICA_ID,DETALLE_PAT_ID) values (20,'Hiper. Arterial','Hiper. Arterial','malcantara',to_timestamp('13/01/15 00:00:00,000000000','DD/MM/RR HH24:MI:SS,FF'),'malcantara',to_timestamp('13/01/15 00:00:00,000000000','DD/MM/RR HH24:MI:SS,FF'),3,1);
Insert into ANTECEDENTE_PER_PATOLOGICO (ANTECEDENTE_PER_PAT_ID,ANTECEDENTE_PER_NOMBRE,ANTECEDENTE_PER_DESCRIPCION,USUARIO_CREACION,FECHA_CREACION,USUARIO_MODIFICACION,FECHA_MODIFICACION,HISTORIA_CLINICA_ID,DETALLE_PAT_ID) values (21,'I. Cardiaca','I. Cardiaca','malcantara',to_timestamp('13/01/15 00:00:00,000000000','DD/MM/RR HH24:MI:SS,FF'),'malcantara',to_timestamp('13/01/15 00:00:00,000000000','DD/MM/RR HH24:MI:SS,FF'),3,4);
Insert into ANTECEDENTE_PER_PATOLOGICO (ANTECEDENTE_PER_PAT_ID,ANTECEDENTE_PER_NOMBRE,ANTECEDENTE_PER_DESCRIPCION,USUARIO_CREACION,FECHA_CREACION,USUARIO_MODIFICACION,FECHA_MODIFICACION,HISTORIA_CLINICA_ID,DETALLE_PAT_ID) values (22,'Bronquitis','Bronquitis','malcantara',to_timestamp('13/01/15 00:00:00,000000000','DD/MM/RR HH24:MI:SS,FF'),'malcantara',to_timestamp('13/01/15 00:00:00,000000000','DD/MM/RR HH24:MI:SS,FF'),3,9);
Insert into ANTECEDENTE_PER_PATOLOGICO (ANTECEDENTE_PER_PAT_ID,ANTECEDENTE_PER_NOMBRE,ANTECEDENTE_PER_DESCRIPCION,USUARIO_CREACION,FECHA_CREACION,USUARIO_MODIFICACION,FECHA_MODIFICACION,HISTORIA_CLINICA_ID,DETALLE_PAT_ID) values (23,'Gastritis','Gastritis','malcantara',to_timestamp('13/01/15 00:00:00,000000000','DD/MM/RR HH24:MI:SS,FF'),'malcantara',to_timestamp('13/01/15 00:00:00,000000000','DD/MM/RR HH24:MI:SS,FF'),3,13);
Insert into ANTECEDENTE_PER_PATOLOGICO (ANTECEDENTE_PER_PAT_ID,ANTECEDENTE_PER_NOMBRE,ANTECEDENTE_PER_DESCRIPCION,USUARIO_CREACION,FECHA_CREACION,USUARIO_MODIFICACION,FECHA_MODIFICACION,HISTORIA_CLINICA_ID,DETALLE_PAT_ID) values (24,'Diabetes','Diabetes','malcantara',to_timestamp('13/01/15 00:00:00,000000000','DD/MM/RR HH24:MI:SS,FF'),'malcantara',to_timestamp('13/01/15 00:00:00,000000000','DD/MM/RR HH24:MI:SS,FF'),3,25);
Insert into ANTECEDENTE_PER_PATOLOGICO (ANTECEDENTE_PER_PAT_ID,ANTECEDENTE_PER_NOMBRE,ANTECEDENTE_PER_DESCRIPCION,USUARIO_CREACION,FECHA_CREACION,USUARIO_MODIFICACION,FECHA_MODIFICACION,HISTORIA_CLINICA_ID,DETALLE_PAT_ID) values (25,'Litiasis','Litiasis','malcantara',to_timestamp('13/01/15 00:00:00,000000000','DD/MM/RR HH24:MI:SS,FF'),'malcantara',to_timestamp('13/01/15 00:00:00,000000000','DD/MM/RR HH24:MI:SS,FF'),3,29);
Insert into ANTECEDENTE_PER_PATOLOGICO (ANTECEDENTE_PER_PAT_ID,ANTECEDENTE_PER_NOMBRE,ANTECEDENTE_PER_DESCRIPCION,USUARIO_CREACION,FECHA_CREACION,USUARIO_MODIFICACION,FECHA_MODIFICACION,HISTORIA_CLINICA_ID,DETALLE_PAT_ID) values (26,'Artrosis','Artrosis','malcantara',to_timestamp('13/01/15 00:00:00,000000000','DD/MM/RR HH24:MI:SS,FF'),'malcantara',to_timestamp('13/01/15 00:00:00,000000000','DD/MM/RR HH24:MI:SS,FF'),3,42);
Insert into ANTECEDENTE_PER_PATOLOGICO (ANTECEDENTE_PER_PAT_ID,ANTECEDENTE_PER_NOMBRE,ANTECEDENTE_PER_DESCRIPCION,USUARIO_CREACION,FECHA_CREACION,USUARIO_MODIFICACION,FECHA_MODIFICACION,HISTORIA_CLINICA_ID,DETALLE_PAT_ID) values (27,'Hiper. Arterial','Hiper. Arterial','malcantara',to_timestamp('14/01/15 00:00:00,000000000','DD/MM/RR HH24:MI:SS,FF'),'malcantara',to_timestamp('14/01/15 00:00:00,000000000','DD/MM/RR HH24:MI:SS,FF'),4,1);
Insert into ANTECEDENTE_PER_PATOLOGICO (ANTECEDENTE_PER_PAT_ID,ANTECEDENTE_PER_NOMBRE,ANTECEDENTE_PER_DESCRIPCION,USUARIO_CREACION,FECHA_CREACION,USUARIO_MODIFICACION,FECHA_MODIFICACION,HISTORIA_CLINICA_ID,DETALLE_PAT_ID) values (28,'I. Cardiaca','I. Cardiaca','malcantara',to_timestamp('14/01/15 00:00:00,000000000','DD/MM/RR HH24:MI:SS,FF'),'malcantara',to_timestamp('14/01/15 00:00:00,000000000','DD/MM/RR HH24:MI:SS,FF'),4,4);
Insert into ANTECEDENTE_PER_PATOLOGICO (ANTECEDENTE_PER_PAT_ID,ANTECEDENTE_PER_NOMBRE,ANTECEDENTE_PER_DESCRIPCION,USUARIO_CREACION,FECHA_CREACION,USUARIO_MODIFICACION,FECHA_MODIFICACION,HISTORIA_CLINICA_ID,DETALLE_PAT_ID) values (29,'Bronquitis','Bronquitis','malcantara',to_timestamp('14/01/15 00:00:00,000000000','DD/MM/RR HH24:MI:SS,FF'),'malcantara',to_timestamp('14/01/15 00:00:00,000000000','DD/MM/RR HH24:MI:SS,FF'),4,9);
Insert into ANTECEDENTE_PER_PATOLOGICO (ANTECEDENTE_PER_PAT_ID,ANTECEDENTE_PER_NOMBRE,ANTECEDENTE_PER_DESCRIPCION,USUARIO_CREACION,FECHA_CREACION,USUARIO_MODIFICACION,FECHA_MODIFICACION,HISTORIA_CLINICA_ID,DETALLE_PAT_ID) values (30,'Ulcera Peptica','Ulcera Peptica','malcantara',to_timestamp('14/01/15 00:00:00,000000000','DD/MM/RR HH24:MI:SS,FF'),'malcantara',to_timestamp('14/01/15 00:00:00,000000000','DD/MM/RR HH24:MI:SS,FF'),4,14);
Insert into ANTECEDENTE_PER_PATOLOGICO (ANTECEDENTE_PER_PAT_ID,ANTECEDENTE_PER_NOMBRE,ANTECEDENTE_PER_DESCRIPCION,USUARIO_CREACION,FECHA_CREACION,USUARIO_MODIFICACION,FECHA_MODIFICACION,HISTORIA_CLINICA_ID,DETALLE_PAT_ID) values (31,'Hipotiroidismo','Hipotiroidismo','malcantara',to_timestamp('14/01/15 00:00:00,000000000','DD/MM/RR HH24:MI:SS,FF'),'malcantara',to_timestamp('14/01/15 00:00:00,000000000','DD/MM/RR HH24:MI:SS,FF'),4,26);
Insert into ANTECEDENTE_PER_PATOLOGICO (ANTECEDENTE_PER_PAT_ID,ANTECEDENTE_PER_NOMBRE,ANTECEDENTE_PER_DESCRIPCION,USUARIO_CREACION,FECHA_CREACION,USUARIO_MODIFICACION,FECHA_MODIFICACION,HISTORIA_CLINICA_ID,DETALLE_PAT_ID) values (32,'Hipertiroidismo','Hipertiroidismo','malcantara',to_timestamp('14/01/15 00:00:00,000000000','DD/MM/RR HH24:MI:SS,FF'),'malcantara',to_timestamp('14/01/15 00:00:00,000000000','DD/MM/RR HH24:MI:SS,FF'),4,27);
Insert into ANTECEDENTE_PER_PATOLOGICO (ANTECEDENTE_PER_PAT_ID,ANTECEDENTE_PER_NOMBRE,ANTECEDENTE_PER_DESCRIPCION,USUARIO_CREACION,FECHA_CREACION,USUARIO_MODIFICACION,FECHA_MODIFICACION,HISTORIA_CLINICA_ID,DETALLE_PAT_ID) values (33,'Inf. Urinarias','Inf. Urinarias','malcantara',to_timestamp('14/01/15 00:00:00,000000000','DD/MM/RR HH24:MI:SS,FF'),'malcantara',to_timestamp('14/01/15 00:00:00,000000000','DD/MM/RR HH24:MI:SS,FF'),4,28);
Insert into ANTECEDENTE_PER_PATOLOGICO (ANTECEDENTE_PER_PAT_ID,ANTECEDENTE_PER_NOMBRE,ANTECEDENTE_PER_DESCRIPCION,USUARIO_CREACION,FECHA_CREACION,USUARIO_MODIFICACION,FECHA_MODIFICACION,HISTORIA_CLINICA_ID,DETALLE_PAT_ID) values (34,'Litiasis','Litiasis','malcantara',to_timestamp('14/01/15 00:00:00,000000000','DD/MM/RR HH24:MI:SS,FF'),'malcantara',to_timestamp('14/01/15 00:00:00,000000000','DD/MM/RR HH24:MI:SS,FF'),4,29);
Insert into ANTECEDENTE_PER_PATOLOGICO (ANTECEDENTE_PER_PAT_ID,ANTECEDENTE_PER_NOMBRE,ANTECEDENTE_PER_DESCRIPCION,USUARIO_CREACION,FECHA_CREACION,USUARIO_MODIFICACION,FECHA_MODIFICACION,HISTORIA_CLINICA_ID,DETALLE_PAT_ID) values (35,'Protatismo','Protatismo','malcantara',to_timestamp('14/01/15 00:00:00,000000000','DD/MM/RR HH24:MI:SS,FF'),'malcantara',to_timestamp('14/01/15 00:00:00,000000000','DD/MM/RR HH24:MI:SS,FF'),4,30);
Insert into ANTECEDENTE_PER_PATOLOGICO (ANTECEDENTE_PER_PAT_ID,ANTECEDENTE_PER_NOMBRE,ANTECEDENTE_PER_DESCRIPCION,USUARIO_CREACION,FECHA_CREACION,USUARIO_MODIFICACION,FECHA_MODIFICACION,HISTORIA_CLINICA_ID,DETALLE_PAT_ID) values (36,'Depresion','Depresion','malcantara',to_timestamp('14/01/15 00:00:00,000000000','DD/MM/RR HH24:MI:SS,FF'),'malcantara',to_timestamp('14/01/15 00:00:00,000000000','DD/MM/RR HH24:MI:SS,FF'),4,36);
Insert into ANTECEDENTE_PER_PATOLOGICO (ANTECEDENTE_PER_PAT_ID,ANTECEDENTE_PER_NOMBRE,ANTECEDENTE_PER_DESCRIPCION,USUARIO_CREACION,FECHA_CREACION,USUARIO_MODIFICACION,FECHA_MODIFICACION,HISTORIA_CLINICA_ID,DETALLE_PAT_ID) values (37,'Artrosis','Artrosis','malcantara',to_timestamp('14/01/15 00:00:00,000000000','DD/MM/RR HH24:MI:SS,FF'),'malcantara',to_timestamp('14/01/15 00:00:00,000000000','DD/MM/RR HH24:MI:SS,FF'),4,42);
Insert into ANTECEDENTE_PER_PATOLOGICO (ANTECEDENTE_PER_PAT_ID,ANTECEDENTE_PER_NOMBRE,ANTECEDENTE_PER_DESCRIPCION,USUARIO_CREACION,FECHA_CREACION,USUARIO_MODIFICACION,FECHA_MODIFICACION,HISTORIA_CLINICA_ID,DETALLE_PAT_ID) values (38,'Hiper. Arterial','Hiper. Arterial','malcantara',to_timestamp('14/01/15 00:00:00,000000000','DD/MM/RR HH24:MI:SS,FF'),'malcantara',to_timestamp('14/01/15 00:00:00,000000000','DD/MM/RR HH24:MI:SS,FF'),5,1);
Insert into ANTECEDENTE_PER_PATOLOGICO (ANTECEDENTE_PER_PAT_ID,ANTECEDENTE_PER_NOMBRE,ANTECEDENTE_PER_DESCRIPCION,USUARIO_CREACION,FECHA_CREACION,USUARIO_MODIFICACION,FECHA_MODIFICACION,HISTORIA_CLINICA_ID,DETALLE_PAT_ID) values (39,'I. Cardiaca','I. Cardiaca','malcantara',to_timestamp('14/01/15 00:00:00,000000000','DD/MM/RR HH24:MI:SS,FF'),'malcantara',to_timestamp('14/01/15 00:00:00,000000000','DD/MM/RR HH24:MI:SS,FF'),5,4);
Insert into ANTECEDENTE_PER_PATOLOGICO (ANTECEDENTE_PER_PAT_ID,ANTECEDENTE_PER_NOMBRE,ANTECEDENTE_PER_DESCRIPCION,USUARIO_CREACION,FECHA_CREACION,USUARIO_MODIFICACION,FECHA_MODIFICACION,HISTORIA_CLINICA_ID,DETALLE_PAT_ID) values (40,'Bronquitis','Bronquitis','malcantara',to_timestamp('14/01/15 00:00:00,000000000','DD/MM/RR HH24:MI:SS,FF'),'malcantara',to_timestamp('14/01/15 00:00:00,000000000','DD/MM/RR HH24:MI:SS,FF'),5,9);
Insert into ANTECEDENTE_PER_PATOLOGICO (ANTECEDENTE_PER_PAT_ID,ANTECEDENTE_PER_NOMBRE,ANTECEDENTE_PER_DESCRIPCION,USUARIO_CREACION,FECHA_CREACION,USUARIO_MODIFICACION,FECHA_MODIFICACION,HISTORIA_CLINICA_ID,DETALLE_PAT_ID) values (41,'Ulcera Peptica','Ulcera Peptica','malcantara',to_timestamp('14/01/15 00:00:00,000000000','DD/MM/RR HH24:MI:SS,FF'),'malcantara',to_timestamp('14/01/15 00:00:00,000000000','DD/MM/RR HH24:MI:SS,FF'),5,14);
Insert into ANTECEDENTE_PER_PATOLOGICO (ANTECEDENTE_PER_PAT_ID,ANTECEDENTE_PER_NOMBRE,ANTECEDENTE_PER_DESCRIPCION,USUARIO_CREACION,FECHA_CREACION,USUARIO_MODIFICACION,FECHA_MODIFICACION,HISTORIA_CLINICA_ID,DETALLE_PAT_ID) values (42,'Hepatopatias','Hepatopatias','malcantara',to_timestamp('14/01/15 00:00:00,000000000','DD/MM/RR HH24:MI:SS,FF'),'malcantara',to_timestamp('14/01/15 00:00:00,000000000','DD/MM/RR HH24:MI:SS,FF'),5,17);
Insert into ANTECEDENTE_PER_PATOLOGICO (ANTECEDENTE_PER_PAT_ID,ANTECEDENTE_PER_NOMBRE,ANTECEDENTE_PER_DESCRIPCION,USUARIO_CREACION,FECHA_CREACION,USUARIO_MODIFICACION,FECHA_MODIFICACION,HISTORIA_CLINICA_ID,DETALLE_PAT_ID) values (43,'Cefaleas','Cefaleas','malcantara',to_timestamp('14/01/15 00:00:00,000000000','DD/MM/RR HH24:MI:SS,FF'),'malcantara',to_timestamp('14/01/15 00:00:00,000000000','DD/MM/RR HH24:MI:SS,FF'),5,21);
Insert into ANTECEDENTE_PER_PATOLOGICO (ANTECEDENTE_PER_PAT_ID,ANTECEDENTE_PER_NOMBRE,ANTECEDENTE_PER_DESCRIPCION,USUARIO_CREACION,FECHA_CREACION,USUARIO_MODIFICACION,FECHA_MODIFICACION,HISTORIA_CLINICA_ID,DETALLE_PAT_ID) values (44,'Hipotiroidismo','Hipotiroidismo','malcantara',to_timestamp('14/01/15 00:00:00,000000000','DD/MM/RR HH24:MI:SS,FF'),'malcantara',to_timestamp('14/01/15 00:00:00,000000000','DD/MM/RR HH24:MI:SS,FF'),5,26);
Insert into ANTECEDENTE_PER_PATOLOGICO (ANTECEDENTE_PER_PAT_ID,ANTECEDENTE_PER_NOMBRE,ANTECEDENTE_PER_DESCRIPCION,USUARIO_CREACION,FECHA_CREACION,USUARIO_MODIFICACION,FECHA_MODIFICACION,HISTORIA_CLINICA_ID,DETALLE_PAT_ID) values (45,'Hipertiroidismo','Hipertiroidismo','malcantara',to_timestamp('14/01/15 00:00:00,000000000','DD/MM/RR HH24:MI:SS,FF'),'malcantara',to_timestamp('14/01/15 00:00:00,000000000','DD/MM/RR HH24:MI:SS,FF'),5,27);
Insert into ANTECEDENTE_PER_PATOLOGICO (ANTECEDENTE_PER_PAT_ID,ANTECEDENTE_PER_NOMBRE,ANTECEDENTE_PER_DESCRIPCION,USUARIO_CREACION,FECHA_CREACION,USUARIO_MODIFICACION,FECHA_MODIFICACION,HISTORIA_CLINICA_ID,DETALLE_PAT_ID) values (46,'Protatismo','Protatismo','malcantara',to_timestamp('14/01/15 00:00:00,000000000','DD/MM/RR HH24:MI:SS,FF'),'malcantara',to_timestamp('14/01/15 00:00:00,000000000','DD/MM/RR HH24:MI:SS,FF'),5,30);
Insert into ANTECEDENTE_PER_PATOLOGICO (ANTECEDENTE_PER_PAT_ID,ANTECEDENTE_PER_NOMBRE,ANTECEDENTE_PER_DESCRIPCION,USUARIO_CREACION,FECHA_CREACION,USUARIO_MODIFICACION,FECHA_MODIFICACION,HISTORIA_CLINICA_ID,DETALLE_PAT_ID) values (47,'Demencia','Demencia','malcantara',to_timestamp('14/01/15 00:00:00,000000000','DD/MM/RR HH24:MI:SS,FF'),'malcantara',to_timestamp('14/01/15 00:00:00,000000000','DD/MM/RR HH24:MI:SS,FF'),5,35);
Insert into ANTECEDENTE_PER_PATOLOGICO (ANTECEDENTE_PER_PAT_ID,ANTECEDENTE_PER_NOMBRE,ANTECEDENTE_PER_DESCRIPCION,USUARIO_CREACION,FECHA_CREACION,USUARIO_MODIFICACION,FECHA_MODIFICACION,HISTORIA_CLINICA_ID,DETALLE_PAT_ID) values (48,'Deprecion','Deprecion','malcantara',to_timestamp('14/01/15 00:00:00,000000000','DD/MM/RR HH24:MI:SS,FF'),'malcantara',to_timestamp('14/01/15 00:00:00,000000000','DD/MM/RR HH24:MI:SS,FF'),5,36);
Insert into ANTECEDENTE_PER_PATOLOGICO (ANTECEDENTE_PER_PAT_ID,ANTECEDENTE_PER_NOMBRE,ANTECEDENTE_PER_DESCRIPCION,USUARIO_CREACION,FECHA_CREACION,USUARIO_MODIFICACION,FECHA_MODIFICACION,HISTORIA_CLINICA_ID,DETALLE_PAT_ID) values (49,'Artrosis','Artrosis','malcantara',to_timestamp('14/01/15 00:00:00,000000000','DD/MM/RR HH24:MI:SS,FF'),'malcantara',to_timestamp('14/01/15 00:00:00,000000000','DD/MM/RR HH24:MI:SS,FF'),5,42);
Insert into ANTECEDENTE_PER_PATOLOGICO (ANTECEDENTE_PER_PAT_ID,ANTECEDENTE_PER_NOMBRE,ANTECEDENTE_PER_DESCRIPCION,USUARIO_CREACION,FECHA_CREACION,USUARIO_MODIFICACION,FECHA_MODIFICACION,HISTORIA_CLINICA_ID,DETALLE_PAT_ID) values (50,'Hiper. Arterial','Hiper. Arterial','malcantara',to_timestamp('14/01/15 00:00:00,000000000','DD/MM/RR HH24:MI:SS,FF'),'malcantara',to_timestamp('14/01/15 00:00:00,000000000','DD/MM/RR HH24:MI:SS,FF'),6,1);
Insert into ANTECEDENTE_PER_PATOLOGICO (ANTECEDENTE_PER_PAT_ID,ANTECEDENTE_PER_NOMBRE,ANTECEDENTE_PER_DESCRIPCION,USUARIO_CREACION,FECHA_CREACION,USUARIO_MODIFICACION,FECHA_MODIFICACION,HISTORIA_CLINICA_ID,DETALLE_PAT_ID) values (51,'Asma','Asma','malcantara',to_timestamp('14/01/15 00:00:00,000000000','DD/MM/RR HH24:MI:SS,FF'),'malcantara',to_timestamp('14/01/15 00:00:00,000000000','DD/MM/RR HH24:MI:SS,FF'),6,8);
Insert into ANTECEDENTE_PER_PATOLOGICO (ANTECEDENTE_PER_PAT_ID,ANTECEDENTE_PER_NOMBRE,ANTECEDENTE_PER_DESCRIPCION,USUARIO_CREACION,FECHA_CREACION,USUARIO_MODIFICACION,FECHA_MODIFICACION,HISTORIA_CLINICA_ID,DETALLE_PAT_ID) values (52,'Gastritis','Gastritis','malcantara',to_timestamp('14/01/15 00:00:00,000000000','DD/MM/RR HH24:MI:SS,FF'),'malcantara',to_timestamp('14/01/15 00:00:00,000000000','DD/MM/RR HH24:MI:SS,FF'),6,13);
Insert into ANTECEDENTE_PER_PATOLOGICO (ANTECEDENTE_PER_PAT_ID,ANTECEDENTE_PER_NOMBRE,ANTECEDENTE_PER_DESCRIPCION,USUARIO_CREACION,FECHA_CREACION,USUARIO_MODIFICACION,FECHA_MODIFICACION,HISTORIA_CLINICA_ID,DETALLE_PAT_ID) values (53,'Colecistopatias','Colecistopatias','malcantara',to_timestamp('14/01/15 00:00:00,000000000','DD/MM/RR HH24:MI:SS,FF'),'malcantara',to_timestamp('14/01/15 00:00:00,000000000','DD/MM/RR HH24:MI:SS,FF'),6,16);
Insert into ANTECEDENTE_PER_PATOLOGICO (ANTECEDENTE_PER_PAT_ID,ANTECEDENTE_PER_NOMBRE,ANTECEDENTE_PER_DESCRIPCION,USUARIO_CREACION,FECHA_CREACION,USUARIO_MODIFICACION,FECHA_MODIFICACION,HISTORIA_CLINICA_ID,DETALLE_PAT_ID) values (54,'Sind. Isquemicos','Sind. Isquemicos','malcantara',to_timestamp('14/01/15 00:00:00,000000000','DD/MM/RR HH24:MI:SS,FF'),'malcantara',to_timestamp('14/01/15 00:00:00,000000000','DD/MM/RR HH24:MI:SS,FF'),6,19);
Insert into ANTECEDENTE_PER_PATOLOGICO (ANTECEDENTE_PER_PAT_ID,ANTECEDENTE_PER_NOMBRE,ANTECEDENTE_PER_DESCRIPCION,USUARIO_CREACION,FECHA_CREACION,USUARIO_MODIFICACION,FECHA_MODIFICACION,HISTORIA_CLINICA_ID,DETALLE_PAT_ID) values (55,'Litiasis','Litiasis','malcantara',to_timestamp('14/01/15 00:00:00,000000000','DD/MM/RR HH24:MI:SS,FF'),'malcantara',to_timestamp('14/01/15 00:00:00,000000000','DD/MM/RR HH24:MI:SS,FF'),6,29);
Insert into ANTECEDENTE_PER_PATOLOGICO (ANTECEDENTE_PER_PAT_ID,ANTECEDENTE_PER_NOMBRE,ANTECEDENTE_PER_DESCRIPCION,USUARIO_CREACION,FECHA_CREACION,USUARIO_MODIFICACION,FECHA_MODIFICACION,HISTORIA_CLINICA_ID,DETALLE_PAT_ID) values (56,'Anemia','Anemia','malcantara',to_timestamp('14/01/15 00:00:00,000000000','DD/MM/RR HH24:MI:SS,FF'),'malcantara',to_timestamp('14/01/15 00:00:00,000000000','DD/MM/RR HH24:MI:SS,FF'),6,38);
Insert into ANTECEDENTE_PER_PATOLOGICO (ANTECEDENTE_PER_PAT_ID,ANTECEDENTE_PER_NOMBRE,ANTECEDENTE_PER_DESCRIPCION,USUARIO_CREACION,FECHA_CREACION,USUARIO_MODIFICACION,FECHA_MODIFICACION,HISTORIA_CLINICA_ID,DETALLE_PAT_ID) values (57,'Artrosis','Artrosis','malcantara',to_timestamp('14/01/15 00:00:00,000000000','DD/MM/RR HH24:MI:SS,FF'),'malcantara',to_timestamp('14/01/15 00:00:00,000000000','DD/MM/RR HH24:MI:SS,FF'),6,42);
Insert into ANTECEDENTE_PER_PATOLOGICO (ANTECEDENTE_PER_PAT_ID,ANTECEDENTE_PER_NOMBRE,ANTECEDENTE_PER_DESCRIPCION,USUARIO_CREACION,FECHA_CREACION,USUARIO_MODIFICACION,FECHA_MODIFICACION,HISTORIA_CLINICA_ID,DETALLE_PAT_ID) values (58,'Bronquitis','Bronquitis','malcantara',to_timestamp('14/01/15 00:00:00,000000000','DD/MM/RR HH24:MI:SS,FF'),'malcantara',to_timestamp('14/01/15 00:00:00,000000000','DD/MM/RR HH24:MI:SS,FF'),6,9);
Insert into ANTECEDENTE_PER_PATOLOGICO (ANTECEDENTE_PER_PAT_ID,ANTECEDENTE_PER_NOMBRE,ANTECEDENTE_PER_DESCRIPCION,USUARIO_CREACION,FECHA_CREACION,USUARIO_MODIFICACION,FECHA_MODIFICACION,HISTORIA_CLINICA_ID,DETALLE_PAT_ID) values (59,'Gastritis','Gastritis','malcantara',to_timestamp('14/01/15 00:00:00,000000000','DD/MM/RR HH24:MI:SS,FF'),'malcantara',to_timestamp('14/01/15 00:00:00,000000000','DD/MM/RR HH24:MI:SS,FF'),6,13);
Insert into ANTECEDENTE_PER_PATOLOGICO (ANTECEDENTE_PER_PAT_ID,ANTECEDENTE_PER_NOMBRE,ANTECEDENTE_PER_DESCRIPCION,USUARIO_CREACION,FECHA_CREACION,USUARIO_MODIFICACION,FECHA_MODIFICACION,HISTORIA_CLINICA_ID,DETALLE_PAT_ID) values (60,'Colecistopatias','Colecistopatias','malcantara',to_timestamp('14/01/15 00:00:00,000000000','DD/MM/RR HH24:MI:SS,FF'),'malcantara',to_timestamp('14/01/15 00:00:00,000000000','DD/MM/RR HH24:MI:SS,FF'),6,16);
Insert into ANTECEDENTE_PER_PATOLOGICO (ANTECEDENTE_PER_PAT_ID,ANTECEDENTE_PER_NOMBRE,ANTECEDENTE_PER_DESCRIPCION,USUARIO_CREACION,FECHA_CREACION,USUARIO_MODIFICACION,FECHA_MODIFICACION,HISTORIA_CLINICA_ID,DETALLE_PAT_ID) values (61,'Litiasis','Litiasis','malcantara',to_timestamp('14/01/15 00:00:00,000000000','DD/MM/RR HH24:MI:SS,FF'),'malcantara',to_timestamp('14/01/15 00:00:00,000000000','DD/MM/RR HH24:MI:SS,FF'),6,29);
Insert into ANTECEDENTE_PER_PATOLOGICO (ANTECEDENTE_PER_PAT_ID,ANTECEDENTE_PER_NOMBRE,ANTECEDENTE_PER_DESCRIPCION,USUARIO_CREACION,FECHA_CREACION,USUARIO_MODIFICACION,FECHA_MODIFICACION,HISTORIA_CLINICA_ID,DETALLE_PAT_ID) values (62,'Protatismo','Protatismo','malcantara',to_timestamp('14/01/15 00:00:00,000000000','DD/MM/RR HH24:MI:SS,FF'),'malcantara',to_timestamp('14/01/15 00:00:00,000000000','DD/MM/RR HH24:MI:SS,FF'),6,30);
Insert into ANTECEDENTE_PER_PATOLOGICO (ANTECEDENTE_PER_PAT_ID,ANTECEDENTE_PER_NOMBRE,ANTECEDENTE_PER_DESCRIPCION,USUARIO_CREACION,FECHA_CREACION,USUARIO_MODIFICACION,FECHA_MODIFICACION,HISTORIA_CLINICA_ID,DETALLE_PAT_ID) values (63,'Parasitosis','Parasitosis','malcantara',to_timestamp('14/01/15 00:00:00,000000000','DD/MM/RR HH24:MI:SS,FF'),'malcantara',to_timestamp('14/01/15 00:00:00,000000000','DD/MM/RR HH24:MI:SS,FF'),6,34);
Insert into ANTECEDENTE_PER_PATOLOGICO (ANTECEDENTE_PER_PAT_ID,ANTECEDENTE_PER_NOMBRE,ANTECEDENTE_PER_DESCRIPCION,USUARIO_CREACION,FECHA_CREACION,USUARIO_MODIFICACION,FECHA_MODIFICACION,HISTORIA_CLINICA_ID,DETALLE_PAT_ID) values (64,'Hiper. Arterial','Hiper. Arterial','malcantara',to_timestamp('22/01/15 00:00:00,000000000','DD/MM/RR HH24:MI:SS,FF'),'malcantara',to_timestamp('22/01/15 00:00:00,000000000','DD/MM/RR HH24:MI:SS,FF'),7,1);
Insert into ANTECEDENTE_PER_PATOLOGICO (ANTECEDENTE_PER_PAT_ID,ANTECEDENTE_PER_NOMBRE,ANTECEDENTE_PER_DESCRIPCION,USUARIO_CREACION,FECHA_CREACION,USUARIO_MODIFICACION,FECHA_MODIFICACION,HISTORIA_CLINICA_ID,DETALLE_PAT_ID) values (65,'Bronquitis','Bronquitis','malcantara',to_timestamp('22/01/15 00:00:00,000000000','DD/MM/RR HH24:MI:SS,FF'),'malcantara',to_timestamp('22/01/15 00:00:00,000000000','DD/MM/RR HH24:MI:SS,FF'),7,9);
Insert into ANTECEDENTE_PER_PATOLOGICO (ANTECEDENTE_PER_PAT_ID,ANTECEDENTE_PER_NOMBRE,ANTECEDENTE_PER_DESCRIPCION,USUARIO_CREACION,FECHA_CREACION,USUARIO_MODIFICACION,FECHA_MODIFICACION,HISTORIA_CLINICA_ID,DETALLE_PAT_ID) values (66,'Gastritis','Gastritis','malcantara',to_timestamp('22/01/15 00:00:00,000000000','DD/MM/RR HH24:MI:SS,FF'),'malcantara',to_timestamp('22/01/15 00:00:00,000000000','DD/MM/RR HH24:MI:SS,FF'),7,13);
Insert into ANTECEDENTE_PER_PATOLOGICO (ANTECEDENTE_PER_PAT_ID,ANTECEDENTE_PER_NOMBRE,ANTECEDENTE_PER_DESCRIPCION,USUARIO_CREACION,FECHA_CREACION,USUARIO_MODIFICACION,FECHA_MODIFICACION,HISTORIA_CLINICA_ID,DETALLE_PAT_ID) values (67,'Coleopatias','Coleopatias','malcantara',to_timestamp('22/01/15 00:00:00,000000000','DD/MM/RR HH24:MI:SS,FF'),'malcantara',to_timestamp('22/01/15 00:00:00,000000000','DD/MM/RR HH24:MI:SS,FF'),7,16);
Insert into ANTECEDENTE_PER_PATOLOGICO (ANTECEDENTE_PER_PAT_ID,ANTECEDENTE_PER_NOMBRE,ANTECEDENTE_PER_DESCRIPCION,USUARIO_CREACION,FECHA_CREACION,USUARIO_MODIFICACION,FECHA_MODIFICACION,HISTORIA_CLINICA_ID,DETALLE_PAT_ID) values (68,'Litiasis','Litiasis','malcantara',to_timestamp('22/01/15 00:00:00,000000000','DD/MM/RR HH24:MI:SS,FF'),'malcantara',to_timestamp('22/01/15 00:00:00,000000000','DD/MM/RR HH24:MI:SS,FF'),7,29);
Insert into ANTECEDENTE_PER_PATOLOGICO (ANTECEDENTE_PER_PAT_ID,ANTECEDENTE_PER_NOMBRE,ANTECEDENTE_PER_DESCRIPCION,USUARIO_CREACION,FECHA_CREACION,USUARIO_MODIFICACION,FECHA_MODIFICACION,HISTORIA_CLINICA_ID,DETALLE_PAT_ID) values (69,'Protatismo','Protatismo','malcantara',to_timestamp('22/01/15 00:00:00,000000000','DD/MM/RR HH24:MI:SS,FF'),'malcantara',to_timestamp('22/01/15 00:00:00,000000000','DD/MM/RR HH24:MI:SS,FF'),7,30);
Insert into ANTECEDENTE_PER_PATOLOGICO (ANTECEDENTE_PER_PAT_ID,ANTECEDENTE_PER_NOMBRE,ANTECEDENTE_PER_DESCRIPCION,USUARIO_CREACION,FECHA_CREACION,USUARIO_MODIFICACION,FECHA_MODIFICACION,HISTORIA_CLINICA_ID,DETALLE_PAT_ID) values (70,'Parasitosis','Parasitosis','malcantara',to_timestamp('22/01/15 00:00:00,000000000','DD/MM/RR HH24:MI:SS,FF'),'malcantara',to_timestamp('22/01/15 00:00:00,000000000','DD/MM/RR HH24:MI:SS,FF'),7,34);
Insert into ANTECEDENTE_PER_PATOLOGICO (ANTECEDENTE_PER_PAT_ID,ANTECEDENTE_PER_NOMBRE,ANTECEDENTE_PER_DESCRIPCION,USUARIO_CREACION,FECHA_CREACION,USUARIO_MODIFICACION,FECHA_MODIFICACION,HISTORIA_CLINICA_ID,DETALLE_PAT_ID) values (71,'Artrosis','Artrosis','malcantara',to_timestamp('22/01/15 00:00:00,000000000','DD/MM/RR HH24:MI:SS,FF'),'malcantara',to_timestamp('22/01/15 00:00:00,000000000','DD/MM/RR HH24:MI:SS,FF'),7,42);
Insert into ANTECEDENTE_PER_PATOLOGICO (ANTECEDENTE_PER_PAT_ID,ANTECEDENTE_PER_NOMBRE,ANTECEDENTE_PER_DESCRIPCION,USUARIO_CREACION,FECHA_CREACION,USUARIO_MODIFICACION,FECHA_MODIFICACION,HISTORIA_CLINICA_ID,DETALLE_PAT_ID) values (72,'Hiper. Arterial','Hiper. Arterial','malcantara',to_timestamp('22/01/15 00:00:00,000000000','DD/MM/RR HH24:MI:SS,FF'),'shagyy',to_timestamp('22/01/15 00:00:00,000000000','DD/MM/RR HH24:MI:SS,FF'),8,1);
Insert into ANTECEDENTE_PER_PATOLOGICO (ANTECEDENTE_PER_PAT_ID,ANTECEDENTE_PER_NOMBRE,ANTECEDENTE_PER_DESCRIPCION,USUARIO_CREACION,FECHA_CREACION,USUARIO_MODIFICACION,FECHA_MODIFICACION,HISTORIA_CLINICA_ID,DETALLE_PAT_ID) values (73,'Bronquitis','Bronquitis','malcantara',to_timestamp('22/01/15 00:00:00,000000000','DD/MM/RR HH24:MI:SS,FF'),'malcantara',to_timestamp('22/01/15 00:00:00,000000000','DD/MM/RR HH24:MI:SS,FF'),8,9);
Insert into ANTECEDENTE_PER_PATOLOGICO (ANTECEDENTE_PER_PAT_ID,ANTECEDENTE_PER_NOMBRE,ANTECEDENTE_PER_DESCRIPCION,USUARIO_CREACION,FECHA_CREACION,USUARIO_MODIFICACION,FECHA_MODIFICACION,HISTORIA_CLINICA_ID,DETALLE_PAT_ID) values (74,'Gastritis','Gastritis','malcantara',to_timestamp('22/01/15 00:00:00,000000000','DD/MM/RR HH24:MI:SS,FF'),'malcantara',to_timestamp('22/01/15 00:00:00,000000000','DD/MM/RR HH24:MI:SS,FF'),8,13);
Insert into ANTECEDENTE_PER_PATOLOGICO (ANTECEDENTE_PER_PAT_ID,ANTECEDENTE_PER_NOMBRE,ANTECEDENTE_PER_DESCRIPCION,USUARIO_CREACION,FECHA_CREACION,USUARIO_MODIFICACION,FECHA_MODIFICACION,HISTORIA_CLINICA_ID,DETALLE_PAT_ID) values (75,'Hepatopatias','Hepatopatias','malcantara',to_timestamp('22/01/15 00:00:00,000000000','DD/MM/RR HH24:MI:SS,FF'),'malcantara',to_timestamp('22/01/15 00:00:00,000000000','DD/MM/RR HH24:MI:SS,FF'),8,17);
Insert into ANTECEDENTE_PER_PATOLOGICO (ANTECEDENTE_PER_PAT_ID,ANTECEDENTE_PER_NOMBRE,ANTECEDENTE_PER_DESCRIPCION,USUARIO_CREACION,FECHA_CREACION,USUARIO_MODIFICACION,FECHA_MODIFICACION,HISTORIA_CLINICA_ID,DETALLE_PAT_ID) values (76,'Cefaleas','Cefaleas','malcantara',to_timestamp('22/01/15 00:00:00,000000000','DD/MM/RR HH24:MI:SS,FF'),'malcantara',to_timestamp('22/01/15 00:00:00,000000000','DD/MM/RR HH24:MI:SS,FF'),8,21);
Insert into ANTECEDENTE_PER_PATOLOGICO (ANTECEDENTE_PER_PAT_ID,ANTECEDENTE_PER_NOMBRE,ANTECEDENTE_PER_DESCRIPCION,USUARIO_CREACION,FECHA_CREACION,USUARIO_MODIFICACION,FECHA_MODIFICACION,HISTORIA_CLINICA_ID,DETALLE_PAT_ID) values (77,'Inf. Urinarias','Inf. Urinarias','malcantara',to_timestamp('22/01/15 00:00:00,000000000','DD/MM/RR HH24:MI:SS,FF'),'malcantara',to_timestamp('22/01/15 00:00:00,000000000','DD/MM/RR HH24:MI:SS,FF'),8,28);
Insert into ANTECEDENTE_PER_PATOLOGICO (ANTECEDENTE_PER_PAT_ID,ANTECEDENTE_PER_NOMBRE,ANTECEDENTE_PER_DESCRIPCION,USUARIO_CREACION,FECHA_CREACION,USUARIO_MODIFICACION,FECHA_MODIFICACION,HISTORIA_CLINICA_ID,DETALLE_PAT_ID) values (78,'Artrosis','Artrosis','malcantara',to_timestamp('22/01/15 00:00:00,000000000','DD/MM/RR HH24:MI:SS,FF'),'malcantara',to_timestamp('22/01/15 00:00:00,000000000','DD/MM/RR HH24:MI:SS,FF'),8,42);
Insert into ANTECEDENTE_PER_PATOLOGICO (ANTECEDENTE_PER_PAT_ID,ANTECEDENTE_PER_NOMBRE,ANTECEDENTE_PER_DESCRIPCION,USUARIO_CREACION,FECHA_CREACION,USUARIO_MODIFICACION,FECHA_MODIFICACION,HISTORIA_CLINICA_ID,DETALLE_PAT_ID) values (79,'Hiper. Arterial','Hiper. Arterial','malcantara',to_timestamp('22/01/15 00:00:00,000000000','DD/MM/RR HH24:MI:SS,FF'),'malcantara',to_timestamp('22/01/15 00:00:00,000000000','DD/MM/RR HH24:MI:SS,FF'),9,1);
Insert into ANTECEDENTE_PER_PATOLOGICO (ANTECEDENTE_PER_PAT_ID,ANTECEDENTE_PER_NOMBRE,ANTECEDENTE_PER_DESCRIPCION,USUARIO_CREACION,FECHA_CREACION,USUARIO_MODIFICACION,FECHA_MODIFICACION,HISTORIA_CLINICA_ID,DETALLE_PAT_ID) values (80,'Flebopatias','Flebopatias','malcantara',to_timestamp('22/01/15 00:00:00,000000000','DD/MM/RR HH24:MI:SS,FF'),'malcantara',to_timestamp('22/01/15 00:00:00,000000000','DD/MM/RR HH24:MI:SS,FF'),9,7);
Insert into ANTECEDENTE_PER_PATOLOGICO (ANTECEDENTE_PER_PAT_ID,ANTECEDENTE_PER_NOMBRE,ANTECEDENTE_PER_DESCRIPCION,USUARIO_CREACION,FECHA_CREACION,USUARIO_MODIFICACION,FECHA_MODIFICACION,HISTORIA_CLINICA_ID,DETALLE_PAT_ID) values (81,'Gastritis','Gastritis','malcantara',to_timestamp('22/01/15 00:00:00,000000000','DD/MM/RR HH24:MI:SS,FF'),'malcantara',to_timestamp('22/01/15 00:00:00,000000000','DD/MM/RR HH24:MI:SS,FF'),9,13);
Insert into ANTECEDENTE_PER_PATOLOGICO (ANTECEDENTE_PER_PAT_ID,ANTECEDENTE_PER_NOMBRE,ANTECEDENTE_PER_DESCRIPCION,USUARIO_CREACION,FECHA_CREACION,USUARIO_MODIFICACION,FECHA_MODIFICACION,HISTORIA_CLINICA_ID,DETALLE_PAT_ID) values (82,'Cefaleas','Cefaleas','malcantara',to_timestamp('22/01/15 00:00:00,000000000','DD/MM/RR HH24:MI:SS,FF'),'malcantara',to_timestamp('22/01/15 00:00:00,000000000','DD/MM/RR HH24:MI:SS,FF'),9,21);
Insert into ANTECEDENTE_PER_PATOLOGICO (ANTECEDENTE_PER_PAT_ID,ANTECEDENTE_PER_NOMBRE,ANTECEDENTE_PER_DESCRIPCION,USUARIO_CREACION,FECHA_CREACION,USUARIO_MODIFICACION,FECHA_MODIFICACION,HISTORIA_CLINICA_ID,DETALLE_PAT_ID) values (83,'Artrosis','Artrosis','malcantara',to_timestamp('22/01/15 00:00:00,000000000','DD/MM/RR HH24:MI:SS,FF'),'malcantara',to_timestamp('22/01/15 00:00:00,000000000','DD/MM/RR HH24:MI:SS,FF'),9,42);
Insert into ANTECEDENTE_PER_PATOLOGICO (ANTECEDENTE_PER_PAT_ID,ANTECEDENTE_PER_NOMBRE,ANTECEDENTE_PER_DESCRIPCION,USUARIO_CREACION,FECHA_CREACION,USUARIO_MODIFICACION,FECHA_MODIFICACION,HISTORIA_CLINICA_ID,DETALLE_PAT_ID) values (84,'Inf. Urinarias','Inf. Urinarias','malcantara',to_timestamp('22/01/15 00:00:00,000000000','DD/MM/RR HH24:MI:SS,FF'),'malcantara',to_timestamp('22/01/15 00:00:00,000000000','DD/MM/RR HH24:MI:SS,FF'),9,28);
Insert into ANTECEDENTE_PER_PATOLOGICO (ANTECEDENTE_PER_PAT_ID,ANTECEDENTE_PER_NOMBRE,ANTECEDENTE_PER_DESCRIPCION,USUARIO_CREACION,FECHA_CREACION,USUARIO_MODIFICACION,FECHA_MODIFICACION,HISTORIA_CLINICA_ID,DETALLE_PAT_ID) values (85,'Artrosis','Artrosis','malcantara',to_timestamp('22/01/15 00:00:00,000000000','DD/MM/RR HH24:MI:SS,FF'),'malcantara',to_timestamp('22/01/15 00:00:00,000000000','DD/MM/RR HH24:MI:SS,FF'),9,42);
Insert into ANTECEDENTE_PER_PATOLOGICO (ANTECEDENTE_PER_PAT_ID,ANTECEDENTE_PER_NOMBRE,ANTECEDENTE_PER_DESCRIPCION,USUARIO_CREACION,FECHA_CREACION,USUARIO_MODIFICACION,FECHA_MODIFICACION,HISTORIA_CLINICA_ID,DETALLE_PAT_ID) values (86,'Osteoporosis','Osteoporosis','malcantara',to_timestamp('22/01/15 00:00:00,000000000','DD/MM/RR HH24:MI:SS,FF'),'malcantara',to_timestamp('22/01/15 00:00:00,000000000','DD/MM/RR HH24:MI:SS,FF'),9,43);
Insert into ANTECEDENTE_PER_PATOLOGICO (ANTECEDENTE_PER_PAT_ID,ANTECEDENTE_PER_NOMBRE,ANTECEDENTE_PER_DESCRIPCION,USUARIO_CREACION,FECHA_CREACION,USUARIO_MODIFICACION,FECHA_MODIFICACION,HISTORIA_CLINICA_ID,DETALLE_PAT_ID) values (87,'Numero Embarazos','Numero Embarazos 2','malcantara',to_timestamp('22/01/15 00:00:00,000000000','DD/MM/RR HH24:MI:SS,FF'),'malcantara',to_timestamp('22/01/15 00:00:00,000000000','DD/MM/RR HH24:MI:SS,FF'),9,45);
Insert into ANTECEDENTE_PER_PATOLOGICO (ANTECEDENTE_PER_PAT_ID,ANTECEDENTE_PER_NOMBRE,ANTECEDENTE_PER_DESCRIPCION,USUARIO_CREACION,FECHA_CREACION,USUARIO_MODIFICACION,FECHA_MODIFICACION,HISTORIA_CLINICA_ID,DETALLE_PAT_ID) values (88,'Numero Partos','Numero Partos 2','malcantara',to_timestamp('22/01/15 00:00:00,000000000','DD/MM/RR HH24:MI:SS,FF'),'malcantara',to_timestamp('22/01/15 00:00:00,000000000','DD/MM/RR HH24:MI:SS,FF'),9,46);
Insert into ANTECEDENTE_PER_PATOLOGICO (ANTECEDENTE_PER_PAT_ID,ANTECEDENTE_PER_NOMBRE,ANTECEDENTE_PER_DESCRIPCION,USUARIO_CREACION,FECHA_CREACION,USUARIO_MODIFICACION,FECHA_MODIFICACION,HISTORIA_CLINICA_ID,DETALLE_PAT_ID) values (89,'Menospausea','Menospausea 50','malcantara',to_timestamp('22/01/15 00:00:00,000000000','DD/MM/RR HH24:MI:SS,FF'),'malcantara',to_timestamp('22/01/15 00:00:00,000000000','DD/MM/RR HH24:MI:SS,FF'),9,48);
Insert into ANTECEDENTE_PER_PATOLOGICO (ANTECEDENTE_PER_PAT_ID,ANTECEDENTE_PER_NOMBRE,ANTECEDENTE_PER_DESCRIPCION,USUARIO_CREACION,FECHA_CREACION,USUARIO_MODIFICACION,FECHA_MODIFICACION,HISTORIA_CLINICA_ID,DETALLE_PAT_ID) values (90,'Flebopatias','Flebopatias','malcantara',to_timestamp('22/01/15 00:00:00,000000000','DD/MM/RR HH24:MI:SS,FF'),'malcantara',to_timestamp('22/01/15 00:00:00,000000000','DD/MM/RR HH24:MI:SS,FF'),10,7);
Insert into ANTECEDENTE_PER_PATOLOGICO (ANTECEDENTE_PER_PAT_ID,ANTECEDENTE_PER_NOMBRE,ANTECEDENTE_PER_DESCRIPCION,USUARIO_CREACION,FECHA_CREACION,USUARIO_MODIFICACION,FECHA_MODIFICACION,HISTORIA_CLINICA_ID,DETALLE_PAT_ID) values (91,'Bronquitis','Bronquitis','malcantara',to_timestamp('22/01/15 00:00:00,000000000','DD/MM/RR HH24:MI:SS,FF'),'malcantara',to_timestamp('22/01/15 00:00:00,000000000','DD/MM/RR HH24:MI:SS,FF'),10,9);
Insert into ANTECEDENTE_PER_PATOLOGICO (ANTECEDENTE_PER_PAT_ID,ANTECEDENTE_PER_NOMBRE,ANTECEDENTE_PER_DESCRIPCION,USUARIO_CREACION,FECHA_CREACION,USUARIO_MODIFICACION,FECHA_MODIFICACION,HISTORIA_CLINICA_ID,DETALLE_PAT_ID) values (92,'Gastritis','Gastritis','malcantara',to_timestamp('22/01/15 00:00:00,000000000','DD/MM/RR HH24:MI:SS,FF'),'malcantara',to_timestamp('22/01/15 00:00:00,000000000','DD/MM/RR HH24:MI:SS,FF'),10,13);
Insert into ANTECEDENTE_PER_PATOLOGICO (ANTECEDENTE_PER_PAT_ID,ANTECEDENTE_PER_NOMBRE,ANTECEDENTE_PER_DESCRIPCION,USUARIO_CREACION,FECHA_CREACION,USUARIO_MODIFICACION,FECHA_MODIFICACION,HISTORIA_CLINICA_ID,DETALLE_PAT_ID) values (93,'Diabetes','Diabetes','malcantara',to_timestamp('22/01/15 00:00:00,000000000','DD/MM/RR HH24:MI:SS,FF'),'malcantara',to_timestamp('22/01/15 00:00:00,000000000','DD/MM/RR HH24:MI:SS,FF'),10,25);
Insert into ANTECEDENTE_PER_PATOLOGICO (ANTECEDENTE_PER_PAT_ID,ANTECEDENTE_PER_NOMBRE,ANTECEDENTE_PER_DESCRIPCION,USUARIO_CREACION,FECHA_CREACION,USUARIO_MODIFICACION,FECHA_MODIFICACION,HISTORIA_CLINICA_ID,DETALLE_PAT_ID) values (94,'Inf. Urinarias','Inf. Urinarias','malcantara',to_timestamp('22/01/15 00:00:00,000000000','DD/MM/RR HH24:MI:SS,FF'),'malcantara',to_timestamp('22/01/15 00:00:00,000000000','DD/MM/RR HH24:MI:SS,FF'),10,28);
Insert into ANTECEDENTE_PER_PATOLOGICO (ANTECEDENTE_PER_PAT_ID,ANTECEDENTE_PER_NOMBRE,ANTECEDENTE_PER_DESCRIPCION,USUARIO_CREACION,FECHA_CREACION,USUARIO_MODIFICACION,FECHA_MODIFICACION,HISTORIA_CLINICA_ID,DETALLE_PAT_ID) values (95,'Litiasis','Litiasis','malcantara',to_timestamp('22/01/15 00:00:00,000000000','DD/MM/RR HH24:MI:SS,FF'),'malcantara',to_timestamp('22/01/15 00:00:00,000000000','DD/MM/RR HH24:MI:SS,FF'),10,29);
Insert into ANTECEDENTE_PER_PATOLOGICO (ANTECEDENTE_PER_PAT_ID,ANTECEDENTE_PER_NOMBRE,ANTECEDENTE_PER_DESCRIPCION,USUARIO_CREACION,FECHA_CREACION,USUARIO_MODIFICACION,FECHA_MODIFICACION,HISTORIA_CLINICA_ID,DETALLE_PAT_ID) values (96,'A. Reumatoidea','A. Reumatoidea','malcantara',to_timestamp('22/01/15 00:00:00,000000000','DD/MM/RR HH24:MI:SS,FF'),'malcantara',to_timestamp('22/01/15 00:00:00,000000000','DD/MM/RR HH24:MI:SS,FF'),10,41);

REM INSERTING into ANTECEDENTE_GENERAL
Insert into ANTECEDENTE_GENERAL (ANTECEDENTE_GRAL_ID,HISTORIA_CLINICA_ID,ANTECEDENTE_PESOALNACER,USUARIO_CREACION,FECHA_CREACION,USUARIO_MODIFICACION,FECHA_MODIFICACION,ANTECEDENTE_TALLA,ANTECEDENTE_CCEFALIC,ANTECEDENTE_PARTO_NORMAL,ANTECEDENTE_PARTO_DISTOCICO,ANTECEDENTE_PARTO_CESARIA,ANTECEDENTE_COMPLICACIONES,ANTECEDENTE_SCOREDEAPGAR,ANTECEDENTE_SOCIO_ECONOMICO,ANTECEDENTE_DIABETES,ANTECEDENTE_ASMA,ANTECEDENTE_TBC,ANTECEDENTE_HIPERTENSION,ANTECEDENTE_PADRE,ANTECEDENTE_MADRE,ANTECEDENTE_HIJOS,ANTECEDENTE_HERMANOS,ANTECEDENTE_TABACO,ANTECEDENTE_ALCOHOL,ANTECEDENTE_ADICCION,ANTECEDENTE_OPERACIONANTERIOR,ANTECEDENTE_TIPOOPERACION,ANTECEDENTE_TRAUMATISMOS,ANTECEDENTE_LOCALIZACION,ANTECEDENTE_PESO,ANTECEDENTE_GENERAL_TALLA,ANTECEDENTE_TENSIONARTERIAL,ANTECEDENTE_PIELYFANERAS,ANTECEDENTE_VISION,ANTECEDENTE_AUDICION,ANTECEDENTE_ODONTOLOGIA,ANTECEDENTE_OBESIDAD,ANTECEDENTE_PESONORMAL,ANTECEDENTE_PESOBAJO,ANTECEDENTE_REACCION_ADVERSA) values (1,1,null,'malcantara',to_timestamp('22/01/15 00:00:00,000000000','DD/MM/RR HH24:MI:SS,FF'),'malcantara',to_timestamp('22/01/15 00:00:00,000000000','DD/MM/RR HH24:MI:SS,FF'),null,null,null,null,null,null,null,null,null,null,null,null,null,null,null,null,null,null,null,null,null,null,null,'72','1.68','120/80',null,null,null,null,null,null,null,null);
Insert into ANTECEDENTE_GENERAL (ANTECEDENTE_GRAL_ID,HISTORIA_CLINICA_ID,ANTECEDENTE_PESOALNACER,USUARIO_CREACION,FECHA_CREACION,USUARIO_MODIFICACION,FECHA_MODIFICACION,ANTECEDENTE_TALLA,ANTECEDENTE_CCEFALIC,ANTECEDENTE_PARTO_NORMAL,ANTECEDENTE_PARTO_DISTOCICO,ANTECEDENTE_PARTO_CESARIA,ANTECEDENTE_COMPLICACIONES,ANTECEDENTE_SCOREDEAPGAR,ANTECEDENTE_SOCIO_ECONOMICO,ANTECEDENTE_DIABETES,ANTECEDENTE_ASMA,ANTECEDENTE_TBC,ANTECEDENTE_HIPERTENSION,ANTECEDENTE_PADRE,ANTECEDENTE_MADRE,ANTECEDENTE_HIJOS,ANTECEDENTE_HERMANOS,ANTECEDENTE_TABACO,ANTECEDENTE_ALCOHOL,ANTECEDENTE_ADICCION,ANTECEDENTE_OPERACIONANTERIOR,ANTECEDENTE_TIPOOPERACION,ANTECEDENTE_TRAUMATISMOS,ANTECEDENTE_LOCALIZACION,ANTECEDENTE_PESO,ANTECEDENTE_GENERAL_TALLA,ANTECEDENTE_TENSIONARTERIAL,ANTECEDENTE_PIELYFANERAS,ANTECEDENTE_VISION,ANTECEDENTE_AUDICION,ANTECEDENTE_ODONTOLOGIA,ANTECEDENTE_OBESIDAD,ANTECEDENTE_PESONORMAL,ANTECEDENTE_PESOBAJO,ANTECEDENTE_REACCION_ADVERSA) values (2,2,null,'malcantara',to_timestamp('22/01/15 00:00:00,000000000','DD/MM/RR HH24:MI:SS,FF'),'malcantara',to_timestamp('22/01/15 00:00:00,000000000','DD/MM/RR HH24:MI:SS,FF'),null,null,null,null,null,null,null,null,'no','no','no','si','no','no','si','si','no','no','no',null,null,null,null,'71','1.70','120/60',null,null,null,null,'no','si','no',null);
Insert into ANTECEDENTE_GENERAL (ANTECEDENTE_GRAL_ID,HISTORIA_CLINICA_ID,ANTECEDENTE_PESOALNACER,USUARIO_CREACION,FECHA_CREACION,USUARIO_MODIFICACION,FECHA_MODIFICACION,ANTECEDENTE_TALLA,ANTECEDENTE_CCEFALIC,ANTECEDENTE_PARTO_NORMAL,ANTECEDENTE_PARTO_DISTOCICO,ANTECEDENTE_PARTO_CESARIA,ANTECEDENTE_COMPLICACIONES,ANTECEDENTE_SCOREDEAPGAR,ANTECEDENTE_SOCIO_ECONOMICO,ANTECEDENTE_DIABETES,ANTECEDENTE_ASMA,ANTECEDENTE_TBC,ANTECEDENTE_HIPERTENSION,ANTECEDENTE_PADRE,ANTECEDENTE_MADRE,ANTECEDENTE_HIJOS,ANTECEDENTE_HERMANOS,ANTECEDENTE_TABACO,ANTECEDENTE_ALCOHOL,ANTECEDENTE_ADICCION,ANTECEDENTE_OPERACIONANTERIOR,ANTECEDENTE_TIPOOPERACION,ANTECEDENTE_TRAUMATISMOS,ANTECEDENTE_LOCALIZACION,ANTECEDENTE_PESO,ANTECEDENTE_GENERAL_TALLA,ANTECEDENTE_TENSIONARTERIAL,ANTECEDENTE_PIELYFANERAS,ANTECEDENTE_VISION,ANTECEDENTE_AUDICION,ANTECEDENTE_ODONTOLOGIA,ANTECEDENTE_OBESIDAD,ANTECEDENTE_PESONORMAL,ANTECEDENTE_PESOBAJO,ANTECEDENTE_REACCION_ADVERSA) values (3,3,null,'malcantara',to_timestamp('22/01/15 00:00:00,000000000','DD/MM/RR HH24:MI:SS,FF'),'malcantara',to_timestamp('22/01/15 00:00:00,000000000','DD/MM/RR HH24:MI:SS,FF'),null,null,null,null,null,null,null,null,'no','no','no','si','no','no','si','si','no','no','no',null,null,null,null,'96','1.61',null,null,null,null,null,'si','no','no',null);
Insert into ANTECEDENTE_GENERAL (ANTECEDENTE_GRAL_ID,HISTORIA_CLINICA_ID,ANTECEDENTE_PESOALNACER,USUARIO_CREACION,FECHA_CREACION,USUARIO_MODIFICACION,FECHA_MODIFICACION,ANTECEDENTE_TALLA,ANTECEDENTE_CCEFALIC,ANTECEDENTE_PARTO_NORMAL,ANTECEDENTE_PARTO_DISTOCICO,ANTECEDENTE_PARTO_CESARIA,ANTECEDENTE_COMPLICACIONES,ANTECEDENTE_SCOREDEAPGAR,ANTECEDENTE_SOCIO_ECONOMICO,ANTECEDENTE_DIABETES,ANTECEDENTE_ASMA,ANTECEDENTE_TBC,ANTECEDENTE_HIPERTENSION,ANTECEDENTE_PADRE,ANTECEDENTE_MADRE,ANTECEDENTE_HIJOS,ANTECEDENTE_HERMANOS,ANTECEDENTE_TABACO,ANTECEDENTE_ALCOHOL,ANTECEDENTE_ADICCION,ANTECEDENTE_OPERACIONANTERIOR,ANTECEDENTE_TIPOOPERACION,ANTECEDENTE_TRAUMATISMOS,ANTECEDENTE_LOCALIZACION,ANTECEDENTE_PESO,ANTECEDENTE_GENERAL_TALLA,ANTECEDENTE_TENSIONARTERIAL,ANTECEDENTE_PIELYFANERAS,ANTECEDENTE_VISION,ANTECEDENTE_AUDICION,ANTECEDENTE_ODONTOLOGIA,ANTECEDENTE_OBESIDAD,ANTECEDENTE_PESONORMAL,ANTECEDENTE_PESOBAJO,ANTECEDENTE_REACCION_ADVERSA) values (4,4,null,'malcantara',to_timestamp('22/01/15 00:00:00,000000000','DD/MM/RR HH24:MI:SS,FF'),'malcantara',to_timestamp('22/01/15 00:00:00,000000000','DD/MM/RR HH24:MI:SS,FF'),null,null,null,null,null,null,null,null,'no','no','no','si','no','no','si','si','no','si','no',null,null,null,null,'88',null,null,null,null,null,null,null,null,null,null);
Insert into ANTECEDENTE_GENERAL (ANTECEDENTE_GRAL_ID,HISTORIA_CLINICA_ID,ANTECEDENTE_PESOALNACER,USUARIO_CREACION,FECHA_CREACION,USUARIO_MODIFICACION,FECHA_MODIFICACION,ANTECEDENTE_TALLA,ANTECEDENTE_CCEFALIC,ANTECEDENTE_PARTO_NORMAL,ANTECEDENTE_PARTO_DISTOCICO,ANTECEDENTE_PARTO_CESARIA,ANTECEDENTE_COMPLICACIONES,ANTECEDENTE_SCOREDEAPGAR,ANTECEDENTE_SOCIO_ECONOMICO,ANTECEDENTE_DIABETES,ANTECEDENTE_ASMA,ANTECEDENTE_TBC,ANTECEDENTE_HIPERTENSION,ANTECEDENTE_PADRE,ANTECEDENTE_MADRE,ANTECEDENTE_HIJOS,ANTECEDENTE_HERMANOS,ANTECEDENTE_TABACO,ANTECEDENTE_ALCOHOL,ANTECEDENTE_ADICCION,ANTECEDENTE_OPERACIONANTERIOR,ANTECEDENTE_TIPOOPERACION,ANTECEDENTE_TRAUMATISMOS,ANTECEDENTE_LOCALIZACION,ANTECEDENTE_PESO,ANTECEDENTE_GENERAL_TALLA,ANTECEDENTE_TENSIONARTERIAL,ANTECEDENTE_PIELYFANERAS,ANTECEDENTE_VISION,ANTECEDENTE_AUDICION,ANTECEDENTE_ODONTOLOGIA,ANTECEDENTE_OBESIDAD,ANTECEDENTE_PESONORMAL,ANTECEDENTE_PESOBAJO,ANTECEDENTE_REACCION_ADVERSA) values (5,5,null,'malcantara',to_timestamp('22/01/15 00:00:00,000000000','DD/MM/RR HH24:MI:SS,FF'),'malcantara',to_timestamp('22/01/15 00:00:00,000000000','DD/MM/RR HH24:MI:SS,FF'),null,null,null,null,null,null,null,null,'no','no','no','no',null,null,null,null,'no','no','no',null,null,null,null,'90','1.64','130/70',null,null,null,null,'no','si','no',null);
Insert into ANTECEDENTE_GENERAL (ANTECEDENTE_GRAL_ID,HISTORIA_CLINICA_ID,ANTECEDENTE_PESOALNACER,USUARIO_CREACION,FECHA_CREACION,USUARIO_MODIFICACION,FECHA_MODIFICACION,ANTECEDENTE_TALLA,ANTECEDENTE_CCEFALIC,ANTECEDENTE_PARTO_NORMAL,ANTECEDENTE_PARTO_DISTOCICO,ANTECEDENTE_PARTO_CESARIA,ANTECEDENTE_COMPLICACIONES,ANTECEDENTE_SCOREDEAPGAR,ANTECEDENTE_SOCIO_ECONOMICO,ANTECEDENTE_DIABETES,ANTECEDENTE_ASMA,ANTECEDENTE_TBC,ANTECEDENTE_HIPERTENSION,ANTECEDENTE_PADRE,ANTECEDENTE_MADRE,ANTECEDENTE_HIJOS,ANTECEDENTE_HERMANOS,ANTECEDENTE_TABACO,ANTECEDENTE_ALCOHOL,ANTECEDENTE_ADICCION,ANTECEDENTE_OPERACIONANTERIOR,ANTECEDENTE_TIPOOPERACION,ANTECEDENTE_TRAUMATISMOS,ANTECEDENTE_LOCALIZACION,ANTECEDENTE_PESO,ANTECEDENTE_GENERAL_TALLA,ANTECEDENTE_TENSIONARTERIAL,ANTECEDENTE_PIELYFANERAS,ANTECEDENTE_VISION,ANTECEDENTE_AUDICION,ANTECEDENTE_ODONTOLOGIA,ANTECEDENTE_OBESIDAD,ANTECEDENTE_PESONORMAL,ANTECEDENTE_PESOBAJO,ANTECEDENTE_REACCION_ADVERSA) values (6,6,null,'malcantara',to_timestamp('22/01/15 00:00:00,000000000','DD/MM/RR HH24:MI:SS,FF'),'malcantara',to_timestamp('22/01/15 00:00:00,000000000','DD/MM/RR HH24:MI:SS,FF'),null,null,null,null,null,null,null,null,'no','no','no','no','no','no','si','si','no','no','no',null,null,null,null,'61','1.46','120/60',null,null,null,null,'no','si','no',null);
Insert into ANTECEDENTE_GENERAL (ANTECEDENTE_GRAL_ID,HISTORIA_CLINICA_ID,ANTECEDENTE_PESOALNACER,USUARIO_CREACION,FECHA_CREACION,USUARIO_MODIFICACION,FECHA_MODIFICACION,ANTECEDENTE_TALLA,ANTECEDENTE_CCEFALIC,ANTECEDENTE_PARTO_NORMAL,ANTECEDENTE_PARTO_DISTOCICO,ANTECEDENTE_PARTO_CESARIA,ANTECEDENTE_COMPLICACIONES,ANTECEDENTE_SCOREDEAPGAR,ANTECEDENTE_SOCIO_ECONOMICO,ANTECEDENTE_DIABETES,ANTECEDENTE_ASMA,ANTECEDENTE_TBC,ANTECEDENTE_HIPERTENSION,ANTECEDENTE_PADRE,ANTECEDENTE_MADRE,ANTECEDENTE_HIJOS,ANTECEDENTE_HERMANOS,ANTECEDENTE_TABACO,ANTECEDENTE_ALCOHOL,ANTECEDENTE_ADICCION,ANTECEDENTE_OPERACIONANTERIOR,ANTECEDENTE_TIPOOPERACION,ANTECEDENTE_TRAUMATISMOS,ANTECEDENTE_LOCALIZACION,ANTECEDENTE_PESO,ANTECEDENTE_GENERAL_TALLA,ANTECEDENTE_TENSIONARTERIAL,ANTECEDENTE_PIELYFANERAS,ANTECEDENTE_VISION,ANTECEDENTE_AUDICION,ANTECEDENTE_ODONTOLOGIA,ANTECEDENTE_OBESIDAD,ANTECEDENTE_PESONORMAL,ANTECEDENTE_PESOBAJO,ANTECEDENTE_REACCION_ADVERSA) values (7,7,null,'malcantara',to_timestamp('22/01/15 00:00:00,000000000','DD/MM/RR HH24:MI:SS,FF'),'malcantara',to_timestamp('22/01/15 00:00:00,000000000','DD/MM/RR HH24:MI:SS,FF'),null,null,null,null,null,null,null,null,'no','no','no','no','no','no','si','no','no','no','no',null,null,null,null,'68','1.62','130/70',null,null,null,null,'no','si','no',null);
Insert into ANTECEDENTE_GENERAL (ANTECEDENTE_GRAL_ID,HISTORIA_CLINICA_ID,ANTECEDENTE_PESOALNACER,USUARIO_CREACION,FECHA_CREACION,USUARIO_MODIFICACION,FECHA_MODIFICACION,ANTECEDENTE_TALLA,ANTECEDENTE_CCEFALIC,ANTECEDENTE_PARTO_NORMAL,ANTECEDENTE_PARTO_DISTOCICO,ANTECEDENTE_PARTO_CESARIA,ANTECEDENTE_COMPLICACIONES,ANTECEDENTE_SCOREDEAPGAR,ANTECEDENTE_SOCIO_ECONOMICO,ANTECEDENTE_DIABETES,ANTECEDENTE_ASMA,ANTECEDENTE_TBC,ANTECEDENTE_HIPERTENSION,ANTECEDENTE_PADRE,ANTECEDENTE_MADRE,ANTECEDENTE_HIJOS,ANTECEDENTE_HERMANOS,ANTECEDENTE_TABACO,ANTECEDENTE_ALCOHOL,ANTECEDENTE_ADICCION,ANTECEDENTE_OPERACIONANTERIOR,ANTECEDENTE_TIPOOPERACION,ANTECEDENTE_TRAUMATISMOS,ANTECEDENTE_LOCALIZACION,ANTECEDENTE_PESO,ANTECEDENTE_GENERAL_TALLA,ANTECEDENTE_TENSIONARTERIAL,ANTECEDENTE_PIELYFANERAS,ANTECEDENTE_VISION,ANTECEDENTE_AUDICION,ANTECEDENTE_ODONTOLOGIA,ANTECEDENTE_OBESIDAD,ANTECEDENTE_PESONORMAL,ANTECEDENTE_PESOBAJO,ANTECEDENTE_REACCION_ADVERSA) values (8,8,null,'malcantara',to_timestamp('22/01/15 00:00:00,000000000','DD/MM/RR HH24:MI:SS,FF'),'malcantara',to_timestamp('22/01/15 00:00:00,000000000','DD/MM/RR HH24:MI:SS,FF'),null,null,null,null,null,null,null,null,'no','no','no','no','no','no','si','si','no','no','no',null,null,null,null,'49','1.57','90/50',null,null,null,null,null,null,null,null);
Insert into ANTECEDENTE_GENERAL (ANTECEDENTE_GRAL_ID,HISTORIA_CLINICA_ID,ANTECEDENTE_PESOALNACER,USUARIO_CREACION,FECHA_CREACION,USUARIO_MODIFICACION,FECHA_MODIFICACION,ANTECEDENTE_TALLA,ANTECEDENTE_CCEFALIC,ANTECEDENTE_PARTO_NORMAL,ANTECEDENTE_PARTO_DISTOCICO,ANTECEDENTE_PARTO_CESARIA,ANTECEDENTE_COMPLICACIONES,ANTECEDENTE_SCOREDEAPGAR,ANTECEDENTE_SOCIO_ECONOMICO,ANTECEDENTE_DIABETES,ANTECEDENTE_ASMA,ANTECEDENTE_TBC,ANTECEDENTE_HIPERTENSION,ANTECEDENTE_PADRE,ANTECEDENTE_MADRE,ANTECEDENTE_HIJOS,ANTECEDENTE_HERMANOS,ANTECEDENTE_TABACO,ANTECEDENTE_ALCOHOL,ANTECEDENTE_ADICCION,ANTECEDENTE_OPERACIONANTERIOR,ANTECEDENTE_TIPOOPERACION,ANTECEDENTE_TRAUMATISMOS,ANTECEDENTE_LOCALIZACION,ANTECEDENTE_PESO,ANTECEDENTE_GENERAL_TALLA,ANTECEDENTE_TENSIONARTERIAL,ANTECEDENTE_PIELYFANERAS,ANTECEDENTE_VISION,ANTECEDENTE_AUDICION,ANTECEDENTE_ODONTOLOGIA,ANTECEDENTE_OBESIDAD,ANTECEDENTE_PESONORMAL,ANTECEDENTE_PESOBAJO,ANTECEDENTE_REACCION_ADVERSA) values (9,9,null,'malcantara',to_timestamp('22/01/15 00:00:00,000000000','DD/MM/RR HH24:MI:SS,FF'),'malcantara',to_timestamp('22/01/15 00:00:00,000000000','DD/MM/RR HH24:MI:SS,FF'),null,null,null,null,null,null,null,null,'no','no','no','no','no','no','si','si','no','no','no',null,null,null,null,'55','1.58','120/60',null,null,null,null,'no','si','no',null);
Insert into ANTECEDENTE_GENERAL (ANTECEDENTE_GRAL_ID,HISTORIA_CLINICA_ID,ANTECEDENTE_PESOALNACER,USUARIO_CREACION,FECHA_CREACION,USUARIO_MODIFICACION,FECHA_MODIFICACION,ANTECEDENTE_TALLA,ANTECEDENTE_CCEFALIC,ANTECEDENTE_PARTO_NORMAL,ANTECEDENTE_PARTO_DISTOCICO,ANTECEDENTE_PARTO_CESARIA,ANTECEDENTE_COMPLICACIONES,ANTECEDENTE_SCOREDEAPGAR,ANTECEDENTE_SOCIO_ECONOMICO,ANTECEDENTE_DIABETES,ANTECEDENTE_ASMA,ANTECEDENTE_TBC,ANTECEDENTE_HIPERTENSION,ANTECEDENTE_PADRE,ANTECEDENTE_MADRE,ANTECEDENTE_HIJOS,ANTECEDENTE_HERMANOS,ANTECEDENTE_TABACO,ANTECEDENTE_ALCOHOL,ANTECEDENTE_ADICCION,ANTECEDENTE_OPERACIONANTERIOR,ANTECEDENTE_TIPOOPERACION,ANTECEDENTE_TRAUMATISMOS,ANTECEDENTE_LOCALIZACION,ANTECEDENTE_PESO,ANTECEDENTE_GENERAL_TALLA,ANTECEDENTE_TENSIONARTERIAL,ANTECEDENTE_PIELYFANERAS,ANTECEDENTE_VISION,ANTECEDENTE_AUDICION,ANTECEDENTE_ODONTOLOGIA,ANTECEDENTE_OBESIDAD,ANTECEDENTE_PESONORMAL,ANTECEDENTE_PESOBAJO,ANTECEDENTE_REACCION_ADVERSA) values (10,10,null,'malcantara',to_timestamp('22/01/15 00:00:00,000000000','DD/MM/RR HH24:MI:SS,FF'),'malcantara',to_timestamp('22/01/15 00:00:00,000000000','DD/MM/RR HH24:MI:SS,FF'),null,null,null,null,null,null,null,null,null,'no','no','si','no','si','si','si','no','no','no',null,null,null,null,'68','1.56','150/80',null,null,null,null,null,null,null,null);

REM INSERTING into CONSULTA
Insert into CONSULTA (CONSULTA_ID,HISTORIA_CLINICA_ID,CONSULTA_DESCRIPCION,USUARIO_CREACION,FECHA_CREACION,USUARIO_MODIFICACION,FECHA_MODIFICACION,CONSULTA_FECHA,CONSULTA_EXAMEN_FISICO,CONSULTA_EVOLUCION) values (1,1,null,'malcantara',to_timestamp('22/01/15 00:00:00,000000000','DD/MM/RR HH24:MI:SS,FF'),'malcantara',to_timestamp('22/01/15 00:00:00,000000000','DD/MM/RR HH24:MI:SS,FF'),to_timestamp('22/01/15 00:00:00,000000000','DD/MM/RR HH24:MI:SS,FF'),'Osteonecrosis femoral. Prostatitis','28.09.09 INC. con Cirugua post opetarorio prostata');
Insert into CONSULTA (CONSULTA_ID,HISTORIA_CLINICA_ID,CONSULTA_DESCRIPCION,USUARIO_CREACION,FECHA_CREACION,USUARIO_MODIFICACION,FECHA_MODIFICACION,CONSULTA_FECHA,CONSULTA_EXAMEN_FISICO,CONSULTA_EVOLUCION) values (2,2,null,'malcantara',to_timestamp('22/01/15 00:00:00,000000000','DD/MM/RR HH24:MI:SS,FF'),'malcantara',to_timestamp('22/01/15 00:00:00,000000000','DD/MM/RR HH24:MI:SS,FF'),to_timestamp('22/01/15 00:00:00,000000000','DD/MM/RR HH24:MI:SS,FF'),null,'02.06.10 INC. con Neumonologia . INC con Cardiologia');
Insert into CONSULTA (CONSULTA_ID,HISTORIA_CLINICA_ID,CONSULTA_DESCRIPCION,USUARIO_CREACION,FECHA_CREACION,USUARIO_MODIFICACION,FECHA_MODIFICACION,CONSULTA_FECHA,CONSULTA_EXAMEN_FISICO,CONSULTA_EVOLUCION) values (3,3,null,'malcantara',to_timestamp('22/01/15 00:00:00,000000000','DD/MM/RR HH24:MI:SS,FF'),'malcantara',to_timestamp('22/01/15 00:00:00,000000000','DD/MM/RR HH24:MI:SS,FF'),to_timestamp('22/01/15 00:00:00,000000000','DD/MM/RR HH24:MI:SS,FF'),'HTA. Marcapaso 3 aos / 2002','22.10.08 INC. con Cardiologia');
Insert into CONSULTA (CONSULTA_ID,HISTORIA_CLINICA_ID,CONSULTA_DESCRIPCION,USUARIO_CREACION,FECHA_CREACION,USUARIO_MODIFICACION,FECHA_MODIFICACION,CONSULTA_FECHA,CONSULTA_EXAMEN_FISICO,CONSULTA_EVOLUCION) values (4,4,null,'malcantara',to_timestamp('22/01/15 00:00:00,000000000','DD/MM/RR HH24:MI:SS,FF'),'malcantara',to_timestamp('22/01/15 00:00:00,000000000','DD/MM/RR HH24:MI:SS,FF'),to_timestamp('22/01/15 00:00:00,000000000','DD/MM/RR HH24:MI:SS,FF'),null,'01.02.06 INC. con Oftalmologia. Loperamida compromido');
Insert into CONSULTA (CONSULTA_ID,HISTORIA_CLINICA_ID,CONSULTA_DESCRIPCION,USUARIO_CREACION,FECHA_CREACION,USUARIO_MODIFICACION,FECHA_MODIFICACION,CONSULTA_FECHA,CONSULTA_EXAMEN_FISICO,CONSULTA_EVOLUCION) values (5,5,null,'malcantara',to_timestamp('22/01/15 00:00:00,000000000','DD/MM/RR HH24:MI:SS,FF'),'malcantara',to_timestamp('22/01/15 00:00:00,000000000','DD/MM/RR HH24:MI:SS,FF'),to_timestamp('22/01/15 00:00:00,000000000','DD/MM/RR HH24:MI:SS,FF'),null,'13.06.11 Pedido de analisis O y S');
Insert into CONSULTA (CONSULTA_ID,HISTORIA_CLINICA_ID,CONSULTA_DESCRIPCION,USUARIO_CREACION,FECHA_CREACION,USUARIO_MODIFICACION,FECHA_MODIFICACION,CONSULTA_FECHA,CONSULTA_EXAMEN_FISICO,CONSULTA_EVOLUCION) values (6,6,null,'malcantara',to_timestamp('22/01/15 00:00:00,000000000','DD/MM/RR HH24:MI:SS,FF'),'malcantara',to_timestamp('22/01/15 00:00:00,000000000','DD/MM/RR HH24:MI:SS,FF'),to_timestamp('22/01/15 00:00:00,000000000','DD/MM/RR HH24:MI:SS,FF'),null,'13.06.12 Control de Analisis. Infeccion urinaria. Internacion Domiciliaria');
Insert into CONSULTA (CONSULTA_ID,HISTORIA_CLINICA_ID,CONSULTA_DESCRIPCION,USUARIO_CREACION,FECHA_CREACION,USUARIO_MODIFICACION,FECHA_MODIFICACION,CONSULTA_FECHA,CONSULTA_EXAMEN_FISICO,CONSULTA_EVOLUCION) values (7,7,null,'malcantara',to_timestamp('22/01/15 00:00:00,000000000','DD/MM/RR HH24:MI:SS,FF'),'malcantara',to_timestamp('22/01/15 00:00:00,000000000','DD/MM/RR HH24:MI:SS,FF'),to_timestamp('22/01/15 00:00:00,000000000','DD/MM/RR HH24:MI:SS,FF'),null,'29.03.10 Atenolol Gador 50mg x 56comp . Glioten 10mg x 60comp');
Insert into CONSULTA (CONSULTA_ID,HISTORIA_CLINICA_ID,CONSULTA_DESCRIPCION,USUARIO_CREACION,FECHA_CREACION,USUARIO_MODIFICACION,FECHA_MODIFICACION,CONSULTA_FECHA,CONSULTA_EXAMEN_FISICO,CONSULTA_EVOLUCION) values (8,8,null,'malcantara',to_timestamp('22/01/15 00:00:00,000000000','DD/MM/RR HH24:MI:SS,FF'),'malcantara',to_timestamp('22/01/15 00:00:00,000000000','DD/MM/RR HH24:MI:SS,FF'),to_timestamp('22/01/15 00:00:00,000000000','DD/MM/RR HH24:MI:SS,FF'),null,'15.08.11 Dolor Ardor Abdominal. Infeccion Urinaria. Inflamacion pelvica. INC con ginecologia');
Insert into CONSULTA (CONSULTA_ID,HISTORIA_CLINICA_ID,CONSULTA_DESCRIPCION,USUARIO_CREACION,FECHA_CREACION,USUARIO_MODIFICACION,FECHA_MODIFICACION,CONSULTA_FECHA,CONSULTA_EXAMEN_FISICO,CONSULTA_EVOLUCION) values (9,9,null,'malcantara',to_timestamp('22/01/15 00:00:00,000000000','DD/MM/RR HH24:MI:SS,FF'),'malcantara',to_timestamp('22/01/15 00:00:00,000000000','DD/MM/RR HH24:MI:SS,FF'),to_timestamp('22/01/15 00:00:00,000000000','DD/MM/RR HH24:MI:SS,FF'),null,'14.07.14 HTA. INC con Cardiologia');
Insert into CONSULTA (CONSULTA_ID,HISTORIA_CLINICA_ID,CONSULTA_DESCRIPCION,USUARIO_CREACION,FECHA_CREACION,USUARIO_MODIFICACION,FECHA_MODIFICACION,CONSULTA_FECHA,CONSULTA_EXAMEN_FISICO,CONSULTA_EVOLUCION) values (10,10,null,'malcantara',to_timestamp('22/01/15 00:00:00,000000000','DD/MM/RR HH24:MI:SS,FF'),'malcantara',to_timestamp('22/01/15 00:00:00,000000000','DD/MM/RR HH24:MI:SS,FF'),to_timestamp('22/01/15 00:00:00,000000000','DD/MM/RR HH24:MI:SS,FF'),'26.11.08 Complegel (Citidina) iny',null);

REM INSERTING into DIAGNOSTICO
Insert into DIAGNOSTICO (DIAGNOSTICO_ID,CONSULTA_ID,DIAGNOSTICO_DESCRIPCION,USUARIO_CREACION,FECHA_CREACION,USUARIO_MODIFICACION,FECHA_MODIFICACION) values (1,1,null,'malcantara',to_timestamp('22/01/15 00:00:00,000000000','DD/MM/RR HH24:MI:SS,FF'),'malcantara',to_timestamp('22/01/15 00:00:00,000000000','DD/MM/RR HH24:MI:SS,FF'));
Insert into DIAGNOSTICO (DIAGNOSTICO_ID,CONSULTA_ID,DIAGNOSTICO_DESCRIPCION,USUARIO_CREACION,FECHA_CREACION,USUARIO_MODIFICACION,FECHA_MODIFICACION) values (2,2,'15.10.99 Cistolgia','malcantara',to_timestamp('22/01/15 00:00:00,000000000','DD/MM/RR HH24:MI:SS,FF'),'malcantara',to_timestamp('22/01/15 00:00:00,000000000','DD/MM/RR HH24:MI:SS,FF'));
Insert into DIAGNOSTICO (DIAGNOSTICO_ID,CONSULTA_ID,DIAGNOSTICO_DESCRIPCION,USUARIO_CREACION,FECHA_CREACION,USUARIO_MODIFICACION,FECHA_MODIFICACION) values (3,3,'05.05.00 Ansiedad','malcantara',to_timestamp('22/01/15 00:00:00,000000000','DD/MM/RR HH24:MI:SS,FF'),'malcantara',to_timestamp('22/01/15 00:00:00,000000000','DD/MM/RR HH24:MI:SS,FF'));
Insert into DIAGNOSTICO (DIAGNOSTICO_ID,CONSULTA_ID,DIAGNOSTICO_DESCRIPCION,USUARIO_CREACION,FECHA_CREACION,USUARIO_MODIFICACION,FECHA_MODIFICACION) values (4,4,'30.06.00 U.T.A','malcantara',to_timestamp('22/01/15 00:00:00,000000000','DD/MM/RR HH24:MI:SS,FF'),'malcantara',to_timestamp('22/01/15 00:00:00,000000000','DD/MM/RR HH24:MI:SS,FF'));
Insert into DIAGNOSTICO (DIAGNOSTICO_ID,CONSULTA_ID,DIAGNOSTICO_DESCRIPCION,USUARIO_CREACION,FECHA_CREACION,USUARIO_MODIFICACION,FECHA_MODIFICACION) values (5,5,'08.09.04 Diabetes','malcantara',to_timestamp('22/01/15 00:00:00,000000000','DD/MM/RR HH24:MI:SS,FF'),'malcantara',to_timestamp('22/01/15 00:00:00,000000000','DD/MM/RR HH24:MI:SS,FF'));
Insert into DIAGNOSTICO (DIAGNOSTICO_ID,CONSULTA_ID,DIAGNOSTICO_DESCRIPCION,USUARIO_CREACION,FECHA_CREACION,USUARIO_MODIFICACION,FECHA_MODIFICACION) values (6,6,'08.09.04 Debilidad. Artrosis.','malcantara',to_timestamp('22/01/15 00:00:00,000000000','DD/MM/RR HH24:MI:SS,FF'),'malcantara',to_timestamp('22/01/15 00:00:00,000000000','DD/MM/RR HH24:MI:SS,FF'));
Insert into DIAGNOSTICO (DIAGNOSTICO_ID,CONSULTA_ID,DIAGNOSTICO_DESCRIPCION,USUARIO_CREACION,FECHA_CREACION,USUARIO_MODIFICACION,FECHA_MODIFICACION) values (7,7,'06.10.04 U.T.A','malcantara',to_timestamp('22/01/15 00:00:00,000000000','DD/MM/RR HH24:MI:SS,FF'),'malcantara',to_timestamp('22/01/15 00:00:00,000000000','DD/MM/RR HH24:MI:SS,FF'));
Insert into DIAGNOSTICO (DIAGNOSTICO_ID,CONSULTA_ID,DIAGNOSTICO_DESCRIPCION,USUARIO_CREACION,FECHA_CREACION,USUARIO_MODIFICACION,FECHA_MODIFICACION) values (8,8,'28.04.00 Hipertension','malcantara',to_timestamp('22/01/15 00:00:00,000000000','DD/MM/RR HH24:MI:SS,FF'),'malcantara',to_timestamp('22/01/15 00:00:00,000000000','DD/MM/RR HH24:MI:SS,FF'));
Insert into DIAGNOSTICO (DIAGNOSTICO_ID,CONSULTA_ID,DIAGNOSTICO_DESCRIPCION,USUARIO_CREACION,FECHA_CREACION,USUARIO_MODIFICACION,FECHA_MODIFICACION) values (9,9,'10.09.99 Dispepsia','malcantara',to_timestamp('22/01/15 00:00:00,000000000','DD/MM/RR HH24:MI:SS,FF'),'malcantara',to_timestamp('22/01/15 00:00:00,000000000','DD/MM/RR HH24:MI:SS,FF'));
Insert into DIAGNOSTICO (DIAGNOSTICO_ID,CONSULTA_ID,DIAGNOSTICO_DESCRIPCION,USUARIO_CREACION,FECHA_CREACION,USUARIO_MODIFICACION,FECHA_MODIFICACION) values (10,10,null,'malcantara',to_timestamp('22/01/15 00:00:00,000000000','DD/MM/RR HH24:MI:SS,FF'),'malcantara',to_timestamp('22/01/15 00:00:00,000000000','DD/MM/RR HH24:MI:SS,FF'));

REM INSERTING into TRATAMIENTO
Insert into TRATAMIENTO (TRATAMIENTO_ID,DIAGNOSTICO_ID,TRATAMIENTO_DESCRIPCION,USUARIO_CREACION,FECHA_CREACION,USUARIO_MODIFICACION,FECHA_MODIFICACION) values (1,1,'27.07.05 INC con Urologia','malcantara',to_timestamp('22/01/15 00:00:00,000000000','DD/MM/RR HH24:MI:SS,FF'),'malcantara',to_timestamp('22/01/15 00:00:00,000000000','DD/MM/RR HH24:MI:SS,FF'));
Insert into TRATAMIENTO (TRATAMIENTO_ID,DIAGNOSTICO_ID,TRATAMIENTO_DESCRIPCION,USUARIO_CREACION,FECHA_CREACION,USUARIO_MODIFICACION,FECHA_MODIFICACION) values (2,2,'15.10.99 Flexicomin b12 x 20comp','malcantara',to_timestamp('22/01/15 00:00:00,000000000','DD/MM/RR HH24:MI:SS,FF'),'malcantara',to_timestamp('22/01/15 00:00:00,000000000','DD/MM/RR HH24:MI:SS,FF'));
Insert into TRATAMIENTO (TRATAMIENTO_ID,DIAGNOSTICO_ID,TRATAMIENTO_DESCRIPCION,USUARIO_CREACION,FECHA_CREACION,USUARIO_MODIFICACION,FECHA_MODIFICACION) values (3,3,'05.05.00 Tropax 1mg x 20comp','malcantara',to_timestamp('22/01/15 00:00:00,000000000','DD/MM/RR HH24:MI:SS,FF'),'malcantara',to_timestamp('22/01/15 00:00:00,000000000','DD/MM/RR HH24:MI:SS,FF'));
Insert into TRATAMIENTO (TRATAMIENTO_ID,DIAGNOSTICO_ID,TRATAMIENTO_DESCRIPCION,USUARIO_CREACION,FECHA_CREACION,USUARIO_MODIFICACION,FECHA_MODIFICACION) values (4,4,'30.06.00 Hiteriosan 10mg x 30comp','malcantara',to_timestamp('22/01/15 00:00:00,000000000','DD/MM/RR HH24:MI:SS,FF'),'malcantara',to_timestamp('22/01/15 00:00:00,000000000','DD/MM/RR HH24:MI:SS,FF'));
Insert into TRATAMIENTO (TRATAMIENTO_ID,DIAGNOSTICO_ID,TRATAMIENTO_DESCRIPCION,USUARIO_CREACION,FECHA_CREACION,USUARIO_MODIFICACION,FECHA_MODIFICACION) values (5,5,'08.09.04 Solicito analisis de Glocimia','malcantara',to_timestamp('22/01/15 00:00:00,000000000','DD/MM/RR HH24:MI:SS,FF'),'malcantara',to_timestamp('22/01/15 00:00:00,000000000','DD/MM/RR HH24:MI:SS,FF'));
Insert into TRATAMIENTO (TRATAMIENTO_ID,DIAGNOSTICO_ID,TRATAMIENTO_DESCRIPCION,USUARIO_CREACION,FECHA_CREACION,USUARIO_MODIFICACION,FECHA_MODIFICACION) values (6,6,'08.09.04 Control','malcantara',to_timestamp('22/01/15 00:00:00,000000000','DD/MM/RR HH24:MI:SS,FF'),'malcantara',to_timestamp('22/01/15 00:00:00,000000000','DD/MM/RR HH24:MI:SS,FF'));
Insert into TRATAMIENTO (TRATAMIENTO_ID,DIAGNOSTICO_ID,TRATAMIENTO_DESCRIPCION,USUARIO_CREACION,FECHA_CREACION,USUARIO_MODIFICACION,FECHA_MODIFICACION) values (7,7,'06.10.04  Glioten 10mg, Dilotrn comp','malcantara',to_timestamp('22/01/15 00:00:00,000000000','DD/MM/RR HH24:MI:SS,FF'),'malcantara',to_timestamp('22/01/15 00:00:00,000000000','DD/MM/RR HH24:MI:SS,FF'));
Insert into TRATAMIENTO (TRATAMIENTO_ID,DIAGNOSTICO_ID,TRATAMIENTO_DESCRIPCION,USUARIO_CREACION,FECHA_CREACION,USUARIO_MODIFICACION,FECHA_MODIFICACION) values (8,8,'28.04.00 Elfotril gotas. Solicito analisis','malcantara',to_timestamp('22/01/15 00:00:00,000000000','DD/MM/RR HH24:MI:SS,FF'),'malcantara',to_timestamp('22/01/15 00:00:00,000000000','DD/MM/RR HH24:MI:SS,FF'));
Insert into TRATAMIENTO (TRATAMIENTO_ID,DIAGNOSTICO_ID,TRATAMIENTO_DESCRIPCION,USUARIO_CREACION,FECHA_CREACION,USUARIO_MODIFICACION,FECHA_MODIFICACION) values (9,9,'10.09.99 Biletron enritmotico comp','malcantara',to_timestamp('22/01/15 00:00:00,000000000','DD/MM/RR HH24:MI:SS,FF'),'malcantara',to_timestamp('22/01/15 00:00:00,000000000','DD/MM/RR HH24:MI:SS,FF'));
Insert into TRATAMIENTO (TRATAMIENTO_ID,DIAGNOSTICO_ID,TRATAMIENTO_DESCRIPCION,USUARIO_CREACION,FECHA_CREACION,USUARIO_MODIFICACION,FECHA_MODIFICACION) values (10,10,null,'malcantara',to_timestamp('22/01/15 00:00:00,000000000','DD/MM/RR HH24:MI:SS,FF'),'malcantara',to_timestamp('22/01/15 00:00:00,000000000','DD/MM/RR HH24:MI:SS,FF'));

REM INSERTING into MEDICAMENTO
Insert into MEDICAMENTO (MEDICAMENTO_ID,MEDICAMENTO_NOMBRE,MEDICAMENTO_DESCRIPCION,USUARIO_CREACION,FECHA_CREACION,USUARIO_MODIFICACION,FECHA_MODIFICACION) values (1,'Banaprost s','Banaprost s','malcantara',to_timestamp('23/01/15 00:00:00,000000000','DD/MM/RR HH24:MI:SS,FF'),'malcantara',to_timestamp('23/01/15 00:00:00,000000000','DD/MM/RR HH24:MI:SS,FF'));
Insert into MEDICAMENTO (MEDICAMENTO_ID,MEDICAMENTO_NOMBRE,MEDICAMENTO_DESCRIPCION,USUARIO_CREACION,FECHA_CREACION,USUARIO_MODIFICACION,FECHA_MODIFICACION) values (2,'Balastrin','Balastrin','malcantara',to_timestamp('23/01/15 00:00:00,000000000','DD/MM/RR HH24:MI:SS,FF'),'malcantara',to_timestamp('23/01/15 00:00:00,000000000','DD/MM/RR HH24:MI:SS,FF'));
Insert into MEDICAMENTO (MEDICAMENTO_ID,MEDICAMENTO_NOMBRE,MEDICAMENTO_DESCRIPCION,USUARIO_CREACION,FECHA_CREACION,USUARIO_MODIFICACION,FECHA_MODIFICACION) values (3,'Dipirona comp','Dipirona comp','malcantara',to_timestamp('23/01/15 00:00:00,000000000','DD/MM/RR HH24:MI:SS,FF'),'malcantara',to_timestamp('23/01/15 00:00:00,000000000','DD/MM/RR HH24:MI:SS,FF'));
Insert into MEDICAMENTO (MEDICAMENTO_ID,MEDICAMENTO_NOMBRE,MEDICAMENTO_DESCRIPCION,USUARIO_CREACION,FECHA_CREACION,USUARIO_MODIFICACION,FECHA_MODIFICACION) values (4,'Flexicomin B12','Flexicomin B12','malcantara',to_timestamp('23/01/15 00:00:00,000000000','DD/MM/RR HH24:MI:SS,FF'),'malcantara',to_timestamp('23/01/15 00:00:00,000000000','DD/MM/RR HH24:MI:SS,FF'));
Insert into MEDICAMENTO (MEDICAMENTO_ID,MEDICAMENTO_NOMBRE,MEDICAMENTO_DESCRIPCION,USUARIO_CREACION,FECHA_CREACION,USUARIO_MODIFICACION,FECHA_MODIFICACION) values (5,'Tropax','Tropax','malcantara',to_timestamp('23/01/15 00:00:00,000000000','DD/MM/RR HH24:MI:SS,FF'),'malcantara',to_timestamp('23/01/15 00:00:00,000000000','DD/MM/RR HH24:MI:SS,FF'));
Insert into MEDICAMENTO (MEDICAMENTO_ID,MEDICAMENTO_NOMBRE,MEDICAMENTO_DESCRIPCION,USUARIO_CREACION,FECHA_CREACION,USUARIO_MODIFICACION,FECHA_MODIFICACION) values (6,'Lipitor','Lipitor','malcantara',to_timestamp('23/01/15 00:00:00,000000000','DD/MM/RR HH24:MI:SS,FF'),'malcantara',to_timestamp('23/01/15 00:00:00,000000000','DD/MM/RR HH24:MI:SS,FF'));
Insert into MEDICAMENTO (MEDICAMENTO_ID,MEDICAMENTO_NOMBRE,MEDICAMENTO_DESCRIPCION,USUARIO_CREACION,FECHA_CREACION,USUARIO_MODIFICACION,FECHA_MODIFICACION) values (7,'Dioxoflex B12','Dioxoflex B12','malcantara',to_timestamp('23/01/15 00:00:00,000000000','DD/MM/RR HH24:MI:SS,FF'),'malcantara',to_timestamp('23/01/15 00:00:00,000000000','DD/MM/RR HH24:MI:SS,FF'));
Insert into MEDICAMENTO (MEDICAMENTO_ID,MEDICAMENTO_NOMBRE,MEDICAMENTO_DESCRIPCION,USUARIO_CREACION,FECHA_CREACION,USUARIO_MODIFICACION,FECHA_MODIFICACION) values (8,'Loratadina Comp','Loratadina comp','malcantara',to_timestamp('23/01/15 00:00:00,000000000','DD/MM/RR HH24:MI:SS,FF'),'malcantara',to_timestamp('23/01/15 00:00:00,000000000','DD/MM/RR HH24:MI:SS,FF'));
Insert into MEDICAMENTO (MEDICAMENTO_ID,MEDICAMENTO_NOMBRE,MEDICAMENTO_DESCRIPCION,USUARIO_CREACION,FECHA_CREACION,USUARIO_MODIFICACION,FECHA_MODIFICACION) values (9,'Glioten','Glioten','malcantara',to_timestamp('23/01/15 00:00:00,000000000','DD/MM/RR HH24:MI:SS,FF'),'malcantara',to_timestamp('23/01/15 00:00:00,000000000','DD/MM/RR HH24:MI:SS,FF'));
Insert into MEDICAMENTO (MEDICAMENTO_ID,MEDICAMENTO_NOMBRE,MEDICAMENTO_DESCRIPCION,USUARIO_CREACION,FECHA_CREACION,USUARIO_MODIFICACION,FECHA_MODIFICACION) values (10,'Effortil gotas','Effortil gotas','malcantara',to_timestamp('23/01/15 00:00:00,000000000','DD/MM/RR HH24:MI:SS,FF'),'malcantara',to_timestamp('23/01/15 00:00:00,000000000','DD/MM/RR HH24:MI:SS,FF'));

---------------------------------------------------
--   END DATA FOR TABLE HISTORIA_CLINICA
---------------------------------------------------

---------------------------------------------------
--   FILTER = none used
---------------------------------------------------
REM INSERTING into TRATAMIENTO_MEDICAMENTO
Insert into TRATAMIENTO_MEDICAMENTO (TRATAMIENTO_MEDICAMENTO_ID,MEDICAMENTO_ID,TRATAMIENTO_ID,USUARIO_CREACION,FECHA_CREACION,USUARIO_MODIFICACION,FECHA_MODIFICACION) values (1,1,1,'malcantara',to_timestamp('23/01/15 00:00:00,000000000','DD/MM/RR HH24:MI:SS,FF'),'malcantara',to_timestamp('23/01/15 00:00:00,000000000','DD/MM/RR HH24:MI:SS,FF'));
Insert into TRATAMIENTO_MEDICAMENTO (TRATAMIENTO_MEDICAMENTO_ID,MEDICAMENTO_ID,TRATAMIENTO_ID,USUARIO_CREACION,FECHA_CREACION,USUARIO_MODIFICACION,FECHA_MODIFICACION) values (2,2,1,'malcantara',to_timestamp('23/01/15 00:00:00,000000000','DD/MM/RR HH24:MI:SS,FF'),'malcantara',to_timestamp('23/01/15 00:00:00,000000000','DD/MM/RR HH24:MI:SS,FF'));
Insert into TRATAMIENTO_MEDICAMENTO (TRATAMIENTO_MEDICAMENTO_ID,MEDICAMENTO_ID,TRATAMIENTO_ID,USUARIO_CREACION,FECHA_CREACION,USUARIO_MODIFICACION,FECHA_MODIFICACION) values (3,3,1,'malcantara',to_timestamp('23/01/15 00:00:00,000000000','DD/MM/RR HH24:MI:SS,FF'),'malcantara',to_timestamp('23/01/15 00:00:00,000000000','DD/MM/RR HH24:MI:SS,FF'));
Insert into TRATAMIENTO_MEDICAMENTO (TRATAMIENTO_MEDICAMENTO_ID,MEDICAMENTO_ID,TRATAMIENTO_ID,USUARIO_CREACION,FECHA_CREACION,USUARIO_MODIFICACION,FECHA_MODIFICACION) values (4,1,2,'malcantara',to_timestamp('23/01/15 00:00:00,000000000','DD/MM/RR HH24:MI:SS,FF'),'malcantara',to_timestamp('23/01/15 00:00:00,000000000','DD/MM/RR HH24:MI:SS,FF'));
Insert into TRATAMIENTO_MEDICAMENTO (TRATAMIENTO_MEDICAMENTO_ID,MEDICAMENTO_ID,TRATAMIENTO_ID,USUARIO_CREACION,FECHA_CREACION,USUARIO_MODIFICACION,FECHA_MODIFICACION) values (5,2,3,'malcantara',to_timestamp('23/01/15 00:00:00,000000000','DD/MM/RR HH24:MI:SS,FF'),'malcantara',to_timestamp('23/01/15 00:00:00,000000000','DD/MM/RR HH24:MI:SS,FF'));
Insert into TRATAMIENTO_MEDICAMENTO (TRATAMIENTO_MEDICAMENTO_ID,MEDICAMENTO_ID,TRATAMIENTO_ID,USUARIO_CREACION,FECHA_CREACION,USUARIO_MODIFICACION,FECHA_MODIFICACION) values (6,3,3,'malcantara',to_timestamp('23/01/15 00:00:00,000000000','DD/MM/RR HH24:MI:SS,FF'),'malcantara',to_timestamp('23/01/15 00:00:00,000000000','DD/MM/RR HH24:MI:SS,FF'));
Insert into TRATAMIENTO_MEDICAMENTO (TRATAMIENTO_MEDICAMENTO_ID,MEDICAMENTO_ID,TRATAMIENTO_ID,USUARIO_CREACION,FECHA_CREACION,USUARIO_MODIFICACION,FECHA_MODIFICACION) values (7,1,3,'malcantara',to_timestamp('23/01/15 00:00:00,000000000','DD/MM/RR HH24:MI:SS,FF'),'malcantara',to_timestamp('23/01/15 00:00:00,000000000','DD/MM/RR HH24:MI:SS,FF'));
Insert into TRATAMIENTO_MEDICAMENTO (TRATAMIENTO_MEDICAMENTO_ID,MEDICAMENTO_ID,TRATAMIENTO_ID,USUARIO_CREACION,FECHA_CREACION,USUARIO_MODIFICACION,FECHA_MODIFICACION) values (8,5,4,'malcantara',to_timestamp('23/01/15 00:00:00,000000000','DD/MM/RR HH24:MI:SS,FF'),'malcantara',to_timestamp('23/01/15 00:00:00,000000000','DD/MM/RR HH24:MI:SS,FF'));
Insert into TRATAMIENTO_MEDICAMENTO (TRATAMIENTO_MEDICAMENTO_ID,MEDICAMENTO_ID,TRATAMIENTO_ID,USUARIO_CREACION,FECHA_CREACION,USUARIO_MODIFICACION,FECHA_MODIFICACION) values (9,6,4,'malcantara',to_timestamp('23/01/15 00:00:00,000000000','DD/MM/RR HH24:MI:SS,FF'),'malcantara',to_timestamp('23/01/15 00:00:00,000000000','DD/MM/RR HH24:MI:SS,FF'));
Insert into TRATAMIENTO_MEDICAMENTO (TRATAMIENTO_MEDICAMENTO_ID,MEDICAMENTO_ID,TRATAMIENTO_ID,USUARIO_CREACION,FECHA_CREACION,USUARIO_MODIFICACION,FECHA_MODIFICACION) values (10,4,5,'malcantara',to_timestamp('23/01/15 00:00:00,000000000','DD/MM/RR HH24:MI:SS,FF'),'malcantara',to_timestamp('23/01/15 00:00:00,000000000','DD/MM/RR HH24:MI:SS,FF'));
Insert into TRATAMIENTO_MEDICAMENTO (TRATAMIENTO_MEDICAMENTO_ID,MEDICAMENTO_ID,TRATAMIENTO_ID,USUARIO_CREACION,FECHA_CREACION,USUARIO_MODIFICACION,FECHA_MODIFICACION) values (11,5,5,'malcantara',to_timestamp('23/01/15 00:00:00,000000000','DD/MM/RR HH24:MI:SS,FF'),'malcantara',to_timestamp('23/01/15 00:00:00,000000000','DD/MM/RR HH24:MI:SS,FF'));
Insert into TRATAMIENTO_MEDICAMENTO (TRATAMIENTO_MEDICAMENTO_ID,MEDICAMENTO_ID,TRATAMIENTO_ID,USUARIO_CREACION,FECHA_CREACION,USUARIO_MODIFICACION,FECHA_MODIFICACION) values (12,6,6,'malcantara',to_timestamp('23/01/15 00:00:00,000000000','DD/MM/RR HH24:MI:SS,FF'),'malcantara',to_timestamp('23/01/15 00:00:00,000000000','DD/MM/RR HH24:MI:SS,FF'));
Insert into TRATAMIENTO_MEDICAMENTO (TRATAMIENTO_MEDICAMENTO_ID,MEDICAMENTO_ID,TRATAMIENTO_ID,USUARIO_CREACION,FECHA_CREACION,USUARIO_MODIFICACION,FECHA_MODIFICACION) values (13,8,7,'malcantara',to_timestamp('23/01/15 00:00:00,000000000','DD/MM/RR HH24:MI:SS,FF'),'malcantara',to_timestamp('23/01/15 00:00:00,000000000','DD/MM/RR HH24:MI:SS,FF'));
Insert into TRATAMIENTO_MEDICAMENTO (TRATAMIENTO_MEDICAMENTO_ID,MEDICAMENTO_ID,TRATAMIENTO_ID,USUARIO_CREACION,FECHA_CREACION,USUARIO_MODIFICACION,FECHA_MODIFICACION) values (14,9,7,'malcantara',to_timestamp('23/01/15 00:00:00,000000000','DD/MM/RR HH24:MI:SS,FF'),'malcantara',to_timestamp('23/01/15 00:00:00,000000000','DD/MM/RR HH24:MI:SS,FF'));
Insert into TRATAMIENTO_MEDICAMENTO (TRATAMIENTO_MEDICAMENTO_ID,MEDICAMENTO_ID,TRATAMIENTO_ID,USUARIO_CREACION,FECHA_CREACION,USUARIO_MODIFICACION,FECHA_MODIFICACION) values (15,7,8,'malcantara',to_timestamp('23/01/15 00:00:00,000000000','DD/MM/RR HH24:MI:SS,FF'),'malcantara',to_timestamp('23/01/15 00:00:00,000000000','DD/MM/RR HH24:MI:SS,FF'));
Insert into TRATAMIENTO_MEDICAMENTO (TRATAMIENTO_MEDICAMENTO_ID,MEDICAMENTO_ID,TRATAMIENTO_ID,USUARIO_CREACION,FECHA_CREACION,USUARIO_MODIFICACION,FECHA_MODIFICACION) values (16,6,8,'malcantara',to_timestamp('23/01/15 00:00:00,000000000','DD/MM/RR HH24:MI:SS,FF'),'malcantara',to_timestamp('23/01/15 00:00:00,000000000','DD/MM/RR HH24:MI:SS,FF'));
Insert into TRATAMIENTO_MEDICAMENTO (TRATAMIENTO_MEDICAMENTO_ID,MEDICAMENTO_ID,TRATAMIENTO_ID,USUARIO_CREACION,FECHA_CREACION,USUARIO_MODIFICACION,FECHA_MODIFICACION) values (17,4,8,'malcantara',to_timestamp('23/01/15 00:00:00,000000000','DD/MM/RR HH24:MI:SS,FF'),'malcantara',to_timestamp('23/01/15 00:00:00,000000000','DD/MM/RR HH24:MI:SS,FF'));
Insert into TRATAMIENTO_MEDICAMENTO (TRATAMIENTO_MEDICAMENTO_ID,MEDICAMENTO_ID,TRATAMIENTO_ID,USUARIO_CREACION,FECHA_CREACION,USUARIO_MODIFICACION,FECHA_MODIFICACION) values (18,3,9,'malcantara',to_timestamp('23/01/15 00:00:00,000000000','DD/MM/RR HH24:MI:SS,FF'),'malcantara',to_timestamp('23/01/15 00:00:00,000000000','DD/MM/RR HH24:MI:SS,FF'));
Insert into TRATAMIENTO_MEDICAMENTO (TRATAMIENTO_MEDICAMENTO_ID,MEDICAMENTO_ID,TRATAMIENTO_ID,USUARIO_CREACION,FECHA_CREACION,USUARIO_MODIFICACION,FECHA_MODIFICACION) values (19,2,10,'malcantara',to_timestamp('23/01/15 00:00:00,000000000','DD/MM/RR HH24:MI:SS,FF'),'malcantara',to_timestamp('23/01/15 00:00:00,000000000','DD/MM/RR HH24:MI:SS,FF'));
Insert into TRATAMIENTO_MEDICAMENTO (TRATAMIENTO_MEDICAMENTO_ID,MEDICAMENTO_ID,TRATAMIENTO_ID,USUARIO_CREACION,FECHA_CREACION,USUARIO_MODIFICACION,FECHA_MODIFICACION) values (20,9,10,'malcantara',to_timestamp('23/01/15 00:00:00,000000000','DD/MM/RR HH24:MI:SS,FF'),'malcantara',to_timestamp('23/01/15 00:00:00,000000000','DD/MM/RR HH24:MI:SS,FF'));

