
REM INSERTING into RUBROS
Insert into RUBROS (RUBRO_ID,RUBRO_DESCRIPCION,RUBRO_ESTADO,USUARIO_CREACION,FECHA_CREACION,USUARIO_MODIFICACION,FECHA_MODIFICACION) values ('2','LIMPIEZA','ACTIVO',null,null,null,null);
Insert into RUBROS (RUBRO_ID,RUBRO_DESCRIPCION,RUBRO_ESTADO,USUARIO_CREACION,FECHA_CREACION,USUARIO_MODIFICACION,FECHA_MODIFICACION) values ('3','BEBEDAS','ACTIVO',null,null,null,null);
Insert into RUBROS (RUBRO_ID,RUBRO_DESCRIPCION,RUBRO_ESTADO,USUARIO_CREACION,FECHA_CREACION,USUARIO_MODIFICACION,FECHA_MODIFICACION) values ('4','LACTEOS','INACTIVO',null,null,null,null);
Insert into RUBROS (RUBRO_ID,RUBRO_DESCRIPCION,RUBRO_ESTADO,USUARIO_CREACION,FECHA_CREACION,USUARIO_MODIFICACION,FECHA_MODIFICACION) values ('1','PERFUMERIA','ACTIVO',null,null,null,null);

REM INSERTING into SUBRUBROS
Insert into SUBRUBROS (SUBRUBRO_ID,SUBRUBRO_DESCRIPCION,SUBRUBRO_ESTADO,USUARIO_CREACION,FECHA_CREACION,USUARIO_MODIFICACION,FECHA_MODIFICACION,RUBRO_ID) values ('2','SHAMPOO','INACTIVO',null,null,null,null,'1');
Insert into SUBRUBROS (SUBRUBRO_ID,SUBRUBRO_DESCRIPCION,SUBRUBRO_ESTADO,USUARIO_CREACION,FECHA_CREACION,USUARIO_MODIFICACION,FECHA_MODIFICACION,RUBRO_ID) values ('7','LECHE','ACTIVO',null,null,null,null,'4');
Insert into SUBRUBROS (SUBRUBRO_ID,SUBRUBRO_DESCRIPCION,SUBRUBRO_ESTADO,USUARIO_CREACION,FECHA_CREACION,USUARIO_MODIFICACION,FECHA_MODIFICACION,RUBRO_ID) values ('8','YOGURT','ACTIVO',null,null,null,null,'4');
Insert into SUBRUBROS (SUBRUBRO_ID,SUBRUBRO_DESCRIPCION,SUBRUBRO_ESTADO,USUARIO_CREACION,FECHA_CREACION,USUARIO_MODIFICACION,FECHA_MODIFICACION,RUBRO_ID) values ('3','GASEOSAS','ACTIVO',null,null,null,null,'2');
Insert into SUBRUBROS (SUBRUBRO_ID,SUBRUBRO_DESCRIPCION,SUBRUBRO_ESTADO,USUARIO_CREACION,FECHA_CREACION,USUARIO_MODIFICACION,FECHA_MODIFICACION,RUBRO_ID) values ('4','VINOS','ACTIVO',null,null,null,null,'2');
Insert into SUBRUBROS (SUBRUBRO_ID,SUBRUBRO_DESCRIPCION,SUBRUBRO_ESTADO,USUARIO_CREACION,FECHA_CREACION,USUARIO_MODIFICACION,FECHA_MODIFICACION,RUBRO_ID) values ('1','JABON','ACTIVO',null,null,null,null,'1');
Insert into SUBRUBROS (SUBRUBRO_ID,SUBRUBRO_DESCRIPCION,SUBRUBRO_ESTADO,USUARIO_CREACION,FECHA_CREACION,USUARIO_MODIFICACION,FECHA_MODIFICACION,RUBRO_ID) values ('5','COCINA','ACTIVO',null,null,null,null,'3');
Insert into SUBRUBROS (SUBRUBRO_ID,SUBRUBRO_DESCRIPCION,SUBRUBRO_ESTADO,USUARIO_CREACION,FECHA_CREACION,USUARIO_MODIFICACION,FECHA_MODIFICACION,RUBRO_ID) values ('6','BAÑO','INACTIVO',null,null,null,null,'3');

REM INSERTING into FAMILIAS
Insert into FAMILIAS (FAMILIA_ID,FAMILIA_DESCRIPCION,FAMILIA_ESTADO,USUARIO_CREACION,FECHA_CREACION,USUARIO_MODIFICACION,FECHA_MODIFICACION,SUBRUBRO_ID) values ('2','PERFUMADO','ACTIVO',null,null,null,null,'1');
Insert into FAMILIAS (FAMILIA_ID,FAMILIA_DESCRIPCION,FAMILIA_ESTADO,USUARIO_CREACION,FECHA_CREACION,USUARIO_MODIFICACION,FECHA_MODIFICACION,SUBRUBRO_ID) values ('4','ANTICASPA','ACTIVO',null,null,null,null,'2');
Insert into FAMILIAS (FAMILIA_ID,FAMILIA_DESCRIPCION,FAMILIA_ESTADO,USUARIO_CREACION,FECHA_CREACION,USUARIO_MODIFICACION,FECHA_MODIFICACION,SUBRUBRO_ID) values ('6','TINTO','ACTIVO',null,null,null,null,'3');
Insert into FAMILIAS (FAMILIA_ID,FAMILIA_DESCRIPCION,FAMILIA_ESTADO,USUARIO_CREACION,FECHA_CREACION,USUARIO_MODIFICACION,FECHA_MODIFICACION,SUBRUBRO_ID) values ('7','DIETETICO','ACTIVO',null,null,null,null,'4');
Insert into FAMILIAS (FAMILIA_ID,FAMILIA_DESCRIPCION,FAMILIA_ESTADO,USUARIO_CREACION,FECHA_CREACION,USUARIO_MODIFICACION,FECHA_MODIFICACION,SUBRUBRO_ID) values ('1','NEUTRO','INACTIVO',null,null,null,null,'1');
Insert into FAMILIAS (FAMILIA_ID,FAMILIA_DESCRIPCION,FAMILIA_ESTADO,USUARIO_CREACION,FECHA_CREACION,USUARIO_MODIFICACION,FECHA_MODIFICACION,SUBRUBRO_ID) values ('5','BLANCO','ACTIVO',null,null,null,null,'3');
Insert into FAMILIAS (FAMILIA_ID,FAMILIA_DESCRIPCION,FAMILIA_ESTADO,USUARIO_CREACION,FECHA_CREACION,USUARIO_MODIFICACION,FECHA_MODIFICACION,SUBRUBRO_ID) values ('3','NIÑOS','ACTIVO',null,null,null,null,'2');
Insert into FAMILIAS (FAMILIA_ID,FAMILIA_DESCRIPCION,FAMILIA_ESTADO,USUARIO_CREACION,FECHA_CREACION,USUARIO_MODIFICACION,FECHA_MODIFICACION,SUBRUBRO_ID) values ('8','COLA','ACTIVO',null,null,null,null,'4');

REM INSERTING into PROVEEDORES
Insert into PROVEEDORES (PROVEEDOR_ID,PROVEEDOR_DOMICILIO,PROVEEDOR_NOMBRE,PROVEEDOR_RAZON_SOCIAL,PROVEEDOR_ESTADO,USUARIO_CREACION,FECHA_CREACION,USUARIO_MODIFICACION,FECHA_MODIFICACION) values ('2','LEDEZMA','MARITIN CARRIZO','BBBBCCCC','ACTIVO',null,null,null,null);
Insert into PROVEEDORES (PROVEEDOR_ID,PROVEEDOR_DOMICILIO,PROVEEDOR_NOMBRE,PROVEEDOR_RAZON_SOCIAL,PROVEEDOR_ESTADO,USUARIO_CREACION,FECHA_CREACION,USUARIO_MODIFICACION,FECHA_MODIFICACION) values ('4','SAN SALVADOR DE JUJUY','HERNAN TAPIA','FFFFKKKK','ACTIVO',null,null,null,null);
Insert into PROVEEDORES (PROVEEDOR_ID,PROVEEDOR_DOMICILIO,PROVEEDOR_NOMBRE,PROVEEDOR_RAZON_SOCIAL,PROVEEDOR_ESTADO,USUARIO_CREACION,FECHA_CREACION,USUARIO_MODIFICACION,FECHA_MODIFICACION) values ('5','SAN SALVADOR DE JUJUY','SOLEDAD SANCHEZ','GGGGTTTT','ACTIVO',null,null,null,null);
Insert into PROVEEDORES (PROVEEDOR_ID,PROVEEDOR_DOMICILIO,PROVEEDOR_NOMBRE,PROVEEDOR_RAZON_SOCIAL,PROVEEDOR_ESTADO,USUARIO_CREACION,FECHA_CREACION,USUARIO_MODIFICACION,FECHA_MODIFICACION) values ('1','SANTA CLARA','WALTER VALE','AAAABBBB','ACTIVO',null,null,null,null);
Insert into PROVEEDORES (PROVEEDOR_ID,PROVEEDOR_DOMICILIO,PROVEEDOR_NOMBRE,PROVEEDOR_RAZON_SOCIAL,PROVEEDOR_ESTADO,USUARIO_CREACION,FECHA_CREACION,USUARIO_MODIFICACION,FECHA_MODIFICACION) values ('3','SAN SALVADOR DE JUJUY','MATIAS LUNA','DDDDEEEE','INACTIVO',null,null,null,null);

REM INSERTING into ARTICULOS
Insert into ARTICULOS (ARTICULO_ID,ARTICULO_DESCRIPCION,ARTICULO_PRECIO_MIN,ARTICULO_PRECIO_MAY,ARTICULO_UBICACION,ARTICULO_ESTADO,USUARIO_CREACION,FECHA_CREACION,USUARIO_MODIFICACION,FECHA_MODIFICACION,PROVEEDOR_ID,FAMILIA_ID) values ('6','CLEAR MEN','40','35','DEPOSITO','INACTIVO',null,null,null,null,'3','4');
Insert into ARTICULOS (ARTICULO_ID,ARTICULO_DESCRIPCION,ARTICULO_PRECIO_MIN,ARTICULO_PRECIO_MAY,ARTICULO_UBICACION,ARTICULO_ESTADO,USUARIO_CREACION,FECHA_CREACION,USUARIO_MODIFICACION,FECHA_MODIFICACION,PROVEEDOR_ID,FAMILIA_ID) values ('2','JABON REXONA','20','15','DEPOSITO','ACTIVO',null,null,null,null,'1','1');
Insert into ARTICULOS (ARTICULO_ID,ARTICULO_DESCRIPCION,ARTICULO_PRECIO_MIN,ARTICULO_PRECIO_MAY,ARTICULO_UBICACION,ARTICULO_ESTADO,USUARIO_CREACION,FECHA_CREACION,USUARIO_MODIFICACION,FECHA_MODIFICACION,PROVEEDOR_ID,FAMILIA_ID) values ('3','COCA COLA','15','11','GONDOLA','ACTIVO',null,null,null,null,'2','8');
Insert into ARTICULOS (ARTICULO_ID,ARTICULO_DESCRIPCION,ARTICULO_PRECIO_MIN,ARTICULO_PRECIO_MAY,ARTICULO_UBICACION,ARTICULO_ESTADO,USUARIO_CREACION,FECHA_CREACION,USUARIO_MODIFICACION,FECHA_MODIFICACION,PROVEEDOR_ID,FAMILIA_ID) values ('5','SHAMPOO MANZANA','10','8','DEPOSITO','ACTIVO',null,null,null,null,'3','4');
Insert into ARTICULOS (ARTICULO_ID,ARTICULO_DESCRIPCION,ARTICULO_PRECIO_MIN,ARTICULO_PRECIO_MAY,ARTICULO_UBICACION,ARTICULO_ESTADO,USUARIO_CREACION,FECHA_CREACION,USUARIO_MODIFICACION,FECHA_MODIFICACION,PROVEEDOR_ID,FAMILIA_ID) values ('1','JABON TOCADOR','15','50','GONDOLA','ACTIVO',null,null,null,null,'1','2');
Insert into ARTICULOS (ARTICULO_ID,ARTICULO_DESCRIPCION,ARTICULO_PRECIO_MIN,ARTICULO_PRECIO_MAY,ARTICULO_UBICACION,ARTICULO_ESTADO,USUARIO_CREACION,FECHA_CREACION,USUARIO_MODIFICACION,FECHA_MODIFICACION,PROVEEDOR_ID,FAMILIA_ID) values ('4','JUGO BORO LIGHT','4','3','GONDOLA','ACTIVO',null,null,null,null,'2','7');


REM INSERTING into ROLES
Insert into ROLES (ROL_ID,DESCRIPCION,USUARIO_CREACION,FECHA_CREACION,USUARIO_MODIFICACION,FECHA_MODIFICACION) values ('1','ADMINISTRADOR',null,null,null,null);
Insert into ROLES (ROL_ID,DESCRIPCION,USUARIO_CREACION,FECHA_CREACION,USUARIO_MODIFICACION,FECHA_MODIFICACION) values ('2','USUARIO',null,null,null,null);


REM INSERTING into USUARIOS
Insert into USUARIOS (USUARIO_ID,CLAVE,NOMBRE,E_MAIL,USUARIO_CREACION,FECHA_CREACION,USUARIO_MODIFICACION,FECHA_MODIFICACION,ROL_ID) values ('3','STOCK','MATIAS','yomatias@gmail.com',null,null,null,null,'2');
Insert into USUARIOS (USUARIO_ID,CLAVE,NOMBRE,E_MAIL,USUARIO_CREACION,FECHA_CREACION,USUARIO_MODIFICACION,FECHA_MODIFICACION,ROL_ID) values ('5','STOCK','ERICA','erica@gmail.com',null,null,null,null,'2');
Insert into USUARIOS (USUARIO_ID,CLAVE,NOMBRE,E_MAIL,USUARIO_CREACION,FECHA_CREACION,USUARIO_MODIFICACION,FECHA_MODIFICACION,ROL_ID) values ('4','STOCK','HERNAN','hernan@gmail.com',null,null,null,null,'2');
Insert into USUARIOS (USUARIO_ID,CLAVE,NOMBRE,E_MAIL,USUARIO_CREACION,FECHA_CREACION,USUARIO_MODIFICACION,FECHA_MODIFICACION,ROL_ID) values ('1','STOCK','WALTER','walterjesusvale@gmail.com',null,null,null,null,'1');
Insert into USUARIOS (USUARIO_ID,CLAVE,NOMBRE,E_MAIL,USUARIO_CREACION,FECHA_CREACION,USUARIO_MODIFICACION,FECHA_MODIFICACION,ROL_ID) values ('2','STOCK','MARTIN','martin_c666@hotmail.com',null,null,null,null,'1');
COMMIT;