--------------------------------------------------------
-- Archivo creado  - martes-enero-13-2015   
--------------------------------------------------------
--------------------------------------------------------
--  DDL for Sequence ADMINISTRADOR_SEQ
--------------------------------------------------------

   CREATE SEQUENCE  "ADMINISTRADOR_SEQ"  MINVALUE 1 MAXVALUE 999999999999999999999999999 INCREMENT BY 1 START WITH 1 CACHE 20 NOORDER  NOCYCLE ;
--------------------------------------------------------
--  DDL for Sequence ANTECEDENTE_SEQ
--------------------------------------------------------

   CREATE SEQUENCE  "ANTECEDENTE_SEQ"  MINVALUE 1 MAXVALUE 999999999999999999999999999 INCREMENT BY 1 START WITH 1 CACHE 20 NOORDER  NOCYCLE ;
--------------------------------------------------------
--  DDL for Sequence CONSULTA_SEQ
--------------------------------------------------------

   CREATE SEQUENCE  "CONSULTA_SEQ"  MINVALUE 1 MAXVALUE 999999999999999999999999999 INCREMENT BY 1 START WITH 1 CACHE 20 NOORDER  NOCYCLE ;
--------------------------------------------------------
--  DDL for Sequence DIAGNOSTICO_SEQ
--------------------------------------------------------

   CREATE SEQUENCE  "DIAGNOSTICO_SEQ"  MINVALUE 1 MAXVALUE 999999999999999999999999999 INCREMENT BY 1 START WITH 1 CACHE 20 NOORDER  NOCYCLE ;
--------------------------------------------------------
--  DDL for Sequence HISTORIA_CLINICA_SEQ
--------------------------------------------------------

   CREATE SEQUENCE  "HISTORIA_CLINICA_SEQ"  MINVALUE 1 MAXVALUE 999999999999999999999999999 INCREMENT BY 1 START WITH 1 CACHE 20 NOORDER  NOCYCLE ;
--------------------------------------------------------
--  DDL for Sequence MEDICAMENTO_SEQ
--------------------------------------------------------

   CREATE SEQUENCE  "MEDICAMENTO_SEQ"  MINVALUE 1 MAXVALUE 999999999999999999999999999 INCREMENT BY 1 START WITH 1 CACHE 20 NOORDER  NOCYCLE ;
--------------------------------------------------------
--  DDL for Sequence MEDICO_SEQ
--------------------------------------------------------

   CREATE SEQUENCE  "MEDICO_SEQ"  MINVALUE 1 MAXVALUE 999999999999999999999999999 INCREMENT BY 1 START WITH 1 CACHE 20 NOORDER  NOCYCLE ;
--------------------------------------------------------
--  DDL for Sequence PACIENTE_SEQ
--------------------------------------------------------

   CREATE SEQUENCE  "PACIENTE_SEQ"  MINVALUE 1 MAXVALUE 999999999999999999999999999 INCREMENT BY 1 START WITH 1 CACHE 20 NOORDER  NOCYCLE ;
--------------------------------------------------------
--  DDL for Sequence SECRETARIA_SEQ
--------------------------------------------------------

   CREATE SEQUENCE  "SECRETARIA_SEQ"  MINVALUE 1 MAXVALUE 999999999999999999999999999 INCREMENT BY 1 START WITH 1 CACHE 20 NOORDER  NOCYCLE ;
--------------------------------------------------------
--  DDL for Sequence TIPO_ANTECEDENTE_SEQ
--------------------------------------------------------

   CREATE SEQUENCE  "TIPO_ANTECEDENTE_SEQ"  MINVALUE 1 MAXVALUE 999999999999999999999999999 INCREMENT BY 1 START WITH 1 CACHE 20 NOORDER  NOCYCLE ;
--------------------------------------------------------
--  DDL for Sequence TRATAMIENTO_MEDICAMENTO_SEQ
--------------------------------------------------------

   CREATE SEQUENCE  "TRATAMIENTO_MEDICAMENTO_SEQ"  MINVALUE 1 MAXVALUE 999999999999999999999999999 INCREMENT BY 1 START WITH 1 CACHE 20 NOORDER  NOCYCLE ;
--------------------------------------------------------
--  DDL for Sequence TRATAMIENTO_SEQ
--------------------------------------------------------

   CREATE SEQUENCE  "TRATAMIENTO_SEQ"  MINVALUE 1 MAXVALUE 999999999999999999999999999 INCREMENT BY 1 START WITH 1 CACHE 20 NOORDER  NOCYCLE ;
--------------------------------------------------------
--  DDL for Sequence TURNO_SEQ
--------------------------------------------------------

   CREATE SEQUENCE  "TURNO_SEQ"  MINVALUE 1 MAXVALUE 999999999999999999999999999 INCREMENT BY 1 START WITH 1 CACHE 20 NOORDER  NOCYCLE ;
--------------------------------------------------------
--  DDL for Table ANTECEDENTE_GENERAL
--------------------------------------------------------

  CREATE TABLE "ANTECEDENTE_GENERAL" 
   (	"ANTECEDENTE_GRAL_ID" NUMBER(8,0), 
	"HISTORIA_CLINICA_ID" NUMBER(8,0), 
	"ANTECEDENTE_PESOALNACER" VARCHAR2(20), 
	"USUARIO_CREACION" VARCHAR2(20), 
	"FECHA_CREACION" DATE, 
	"USUARIO_MODIFICACION" VARCHAR2(20), 
	"FECHA_MODIFICACION" DATE, 
	"ANTECEDENTE_TALLA" VARCHAR2(20), 
	"ANTECEDENTE_CCEFALIC" VARCHAR2(20), 
	"ANTECEDENTE_PARTO_NORMAL" VARCHAR2(20), 
	"ANTECEDENTE_PARTO_DISTOCICO" VARCHAR2(20), 
	"ANTECEDENTE_PARTO_CESARIA" VARCHAR2(20), 
	"ANTECEDENTE_COMPLICACIONES" VARCHAR2(20), 
	"ANTECEDENTE_SCOREDEAPGAR" VARCHAR2(20), 
	"ANTECEDENTE_SOCIO_ECONOMICO" VARCHAR2(20), 
	"ANTECEDENTE_DIABETES" VARCHAR2(20), 
	"ANTECEDENTE_ASMA" VARCHAR2(20), 
	"ANTECEDENTE_TBC" VARCHAR2(20), 
	"ANTECEDENTE_HIPERTENSION" VARCHAR2(20), 
	"ANTECEDENTE_PADRE" VARCHAR2(20), 
	"ANTECEDENTE_MADRE" VARCHAR2(20), 
	"ANTECEDENTE_HIJOS" VARCHAR2(20), 
	"ANTECEDENTE_HERMANOS" VARCHAR2(20), 
	"ANTECEDENTE_TABACO" VARCHAR2(20), 
	"ANTECEDENTE_ALCOHOL" VARCHAR2(20), 
	"ANTECEDENTE_ADICCION" VARCHAR2(20), 
	"ANTECEDENTE_OPERACIONANTERIOR" DATE, 
	"ANTECEDENTE_TIPOOPERACION" VARCHAR2(20), 
	"ANTECEDENTE_TRAUMATISMOS" DATE, 
	"ANTECEDENTE_LOCALIZACION" VARCHAR2(20), 
	"ANTECEDENTE_PESO" VARCHAR2(20), 
	"ANTECEDENTE_GENERAL_TALLA" VARCHAR2(20), 
	"ANTECEDENTE_TENSIONARTERIAL" VARCHAR2(20), 
	"ANTECEDENTE_PIELYFANERAS" VARCHAR2(20), 
	"ANTECEDENTE_VISION" VARCHAR2(20), 
	"ANTECEDENTE_AUDICION" VARCHAR2(20), 
	"ANTECEDENTE_ODONTOLOGIA" VARCHAR2(20), 
	"ANTECEDENTE_OBESIDAD" VARCHAR2(20), 
	"ANTECEDENTE_PESONORMAL" VARCHAR2(20), 
	"ANTECEDENTE_PESOBAJO" VARCHAR2(20), 
	"ANTECEDENTE_REACCION_ADVERSA" VARCHAR2(20)
   ) ;
--------------------------------------------------------
--  DDL for Table ANTECEDENTE_PER_PATOLOGICO
--------------------------------------------------------

  CREATE TABLE "ANTECEDENTE_PER_PATOLOGICO" 
   (	"ANTECEDENTE_PER_PAT_ID" NUMBER(8,0), 
	"ANTECEDENTE_PER_NOMBRE" VARCHAR2(20), 
	"ANTECEDENTE_PER_DESCRIPCION" VARCHAR2(200), 
	"USUARIO_CREACION" VARCHAR2(20), 
	"FECHA_CREACION" DATE, 
	"USUARIO_MODIFICACION" VARCHAR2(20), 
	"FECHA_MODIFICACION" DATE, 
	"HISTORIA_CLINICA_ID" NUMBER(8,0), 
	"DETALLE_PAT_ID" NUMBER(8,0)
   ) ;
--------------------------------------------------------
--  DDL for Table CONSULTA
--------------------------------------------------------

  CREATE TABLE "CONSULTA" 
   (	"CONSULTA_ID" NUMBER(8,0), 
	"HISTORIA_CLINICA_ID" NUMBER(8,0), 
	"CONSULTA_DESCRIPCION" VARCHAR2(200), 
	"USUARIO_CREACION" VARCHAR2(20), 
	"FECHA_CREACION" DATE, 
	"USUARIO_MODIFICACION" VARCHAR2(20), 
	"FECHA_MODIFICACION" DATE, 
	"CONSULTA_FECHA" DATE, 
	"CONSULTA_EXAMEN_FISICO" VARCHAR2(20), 
	"CONSULTA_EVOLUCION" VARCHAR2(20)
   ) ;
--------------------------------------------------------
--  DDL for Table DETALLE_PATOLOGIA
--------------------------------------------------------

  CREATE TABLE "DETALLE_PATOLOGIA" 
   (	"DETALLE_PAT_ID" NUMBER(8,0), 
	"PATOLOGIA_ID" NUMBER(8,0), 
	"DETALLE_PAT_NOMBRE" VARCHAR2(20), 
	"DETALLE_PAT_DESCRIPCION" VARCHAR2(200), 
	"FECHA_CREACION" DATE, 
	"FECHA_MODIFICACION" DATE, 
	"USUARIO_CREACION" VARCHAR2(100), 
	"USUARIO_MODIFICACION" VARCHAR2(100)
   ) ;
--------------------------------------------------------
--  DDL for Table DIAGNOSTICO
--------------------------------------------------------

  CREATE TABLE "DIAGNOSTICO" 
   (	"DIAGNOSTICO_ID" NUMBER(8,0), 
	"CONSULTA_ID" NUMBER(8,0), 
	"DIAGNOSTICO_DESCRIPCION" VARCHAR2(200), 
	"USUARIO_CREACION" VARCHAR2(100), 
	"FECHA_CREACION" DATE, 
	"USUARIO_MODIFICACION" VARCHAR2(100), 
	"FECHA_MODIFICACION" DATE
   ) ;
--------------------------------------------------------
--  DDL for Table HISTORIA_CLINICA
--------------------------------------------------------

  CREATE TABLE "HISTORIA_CLINICA" 
   (	"HISTORIA_CLINICA_ID" NUMBER(8,0), 
	"PACIENTE_ID" NUMBER(8,0), 
	"USUARIO_CREACION" VARCHAR2(100), 
	"FECHA_CREACION" DATE, 
	"USUARIO_MODIFICACION" VARCHAR2(100), 
	"FECHA_MODIFICACION" DATE, 
	"USUARIO_ID" NUMBER(8,0)
   ) ;
--------------------------------------------------------
--  DDL for Table MEDICAMENTO
--------------------------------------------------------

  CREATE TABLE "MEDICAMENTO" 
   (	"MEDICAMENTO_ID" NUMBER(8,0), 
	"MEDICAMENTO_NOMBRE" VARCHAR2(100), 
	"MEDICAMENTO_DESCRIPCION" VARCHAR2(200), 
	"USUARIO_CREACION" VARCHAR2(100), 
	"FECHA_CREACION" DATE, 
	"USUARIO_MODIFICACION" VARCHAR2(100), 
	"FECHA_MODIFICACION" DATE
   ) ;
--------------------------------------------------------
--  DDL for Table PACIENTE
--------------------------------------------------------

  CREATE TABLE "PACIENTE" 
   (	"PACIENTE_ID" NUMBER(8,0), 
	"PACIENTE_NOMBRE" VARCHAR2(100), 
	"PACIENTE_APELLIDO" VARCHAR2(100), 
	"PACIENTE_DNI" VARCHAR2(50), 
	"PACIENTE_TELEFONO" VARCHAR2(50), 
	"PACIENTE_DOMICILIO_CALLE" VARCHAR2(50), 
	"PACIENTE_OBRA_SOCIAL" VARCHAR2(100), 
	"PACIENTE_EDAD" VARCHAR2(3), 
	"USUARIO_CREACION" VARCHAR2(100), 
	"FECHA_CREACION" DATE, 
	"USUARIO_MODIFICACION" VARCHAR2(100), 
	"FECHA_MODIFICACION" DATE, 
	"PACIENTE_ESTADO_CIVIL" VARCHAR2(20), 
	"PACIENTE_FECHA_NACIMIENTO" DATE, 
	"PACIENTE_SEXO" VARCHAR2(20), 
	"PACIENTE_LUGAR_NACIMIENTO" VARCHAR2(50), 
	"PACIENTE_PROFESION" VARCHAR2(50), 
	"PACIENTE_NUMERO_AFILIADO" VARCHAR2(20), 
	"PACIENTE_DOMICILIO_NUMERO" VARCHAR2(50), 
	"PACIENTE_DOMICILIO_BARRIO" VARCHAR2(50)
   ) ;
--------------------------------------------------------
--  DDL for Table PATOLOGIA
--------------------------------------------------------

  CREATE TABLE "PATOLOGIA" 
   (	"PATOLOGIA_ID" NUMBER(8,0), 
	"PATOLOGIA_NOMBRE" VARCHAR2(50), 
	"PATOLOGIA_DESCRIPCION" VARCHAR2(200), 
	"FECHA_CREACION" DATE, 
	"FECHA_MODIFICACION" DATE, 
	"USUARIO_CREACION" VARCHAR2(100), 
	"USUARIO_MODIFICACION" VARCHAR2(100)
   ) ;
--------------------------------------------------------
--  DDL for Table PERMISO
--------------------------------------------------------

  CREATE TABLE "PERMISO" 
   (	"PERMISO_ID" NUMBER(8,0), 
	"PERMISO_NOMBRE" VARCHAR2(20), 
	"PERMISO_PERMISO" VARCHAR2(50), 
	"PERMISO_DESCRIPCION" VARCHAR2(250), 
	"FECHA_CREACION" DATE, 
	"FECHA_MODIFICACION" DATE, 
	"USUARIO_CREACION" VARCHAR2(100), 
	"USUARIO_MODIFICACION" VARCHAR2(100)
   ) ;
--------------------------------------------------------
--  DDL for Table TRATAMIENTO
--------------------------------------------------------

  CREATE TABLE "TRATAMIENTO" 
   (	"TRATAMIENTO_ID" NUMBER(8,0), 
	"DIAGNOSTICO_ID" NUMBER(8,0), 
	"TRATAMIENTO_NOMBRE" VARCHAR2(100), 
	"TRATAMIENTO_DESCRIPCION" VARCHAR2(200), 
	"USUARIO_CREACION" VARCHAR2(100), 
	"FECHA_CREACION" DATE, 
	"USUARIO_MODIFICACION" VARCHAR2(100), 
	"FECHA_MODIFICACION" DATE
   ) ;
--------------------------------------------------------
--  DDL for Table TRATAMIENTO_MEDICAMENTO
--------------------------------------------------------

  CREATE TABLE "TRATAMIENTO_MEDICAMENTO" 
   (	"TRATAMIENTO_MEDICAMENTO_ID" NUMBER(8,0), 
	"MEDICAMENTO_ID" NUMBER(8,0), 
	"TRATAMIENTO_ID" NUMBER(8,0), 
	"USUARIO_CREACION" VARCHAR2(100), 
	"FECHA_CREACION" DATE, 
	"USUARIO_MODIFICACION" VARCHAR2(100), 
	"FECHA_MODIFICACION" DATE
   ) ;
--------------------------------------------------------
--  DDL for Table TURNO
--------------------------------------------------------

  CREATE TABLE "TURNO" 
   (	"TURNO_ID" NUMBER(8,0), 
	"PACIENTE_ID" NUMBER(8,0), 
	"TURNO_FECHA" DATE, 
	"TURNO_HORA" DATE, 
	"USUARIO_CREACION" VARCHAR2(100), 
	"FECHA_CREACION" DATE, 
	"USUARIO_MODIFICACION" VARCHAR2(100), 
	"FECHA_MODIFICACION" DATE
   ) ;
--------------------------------------------------------
--  DDL for Table USUARIO
--------------------------------------------------------

  CREATE TABLE "USUARIO" 
   (	"USUARIO_ID" NUMBER(8,0), 
	"PERMISO_ID" NUMBER(8,0), 
	"USUARIO_NOMBRE" VARCHAR2(100), 
	"USUARIO_APELLIDO" VARCHAR2(100), 
	"USUARIO_DNI" VARCHAR2(50), 
	"USUARIO_TELEFONO" VARCHAR2(50), 
	"USUARIO_DOMICILIO_BARRIO" VARCHAR2(50), 
	"USUARIO_USUARIO" VARCHAR2(50), 
	"USUARIO_CONTRASENIA" VARCHAR2(20), 
	"USUARIO_ROL" VARCHAR2(20), 
	"USUARIO_OBRA_SOCIAL" VARCHAR2(20), 
	"USUARIO_EDAD" VARCHAR2(3), 
	"USUARIO_MATRICULA" VARCHAR2(10), 
	"USUARIO_ESPECIALIDAD" VARCHAR2(20), 
	"USUARIO_HORA_ATENCION_MIN" DATE, 
	"USUARIO_HORA_ATENCION_MAX" DATE, 
	"FECHA_CREACION" DATE, 
	"FECHA_MODIFICACION" DATE, 
	"USUARIO_CREACION" VARCHAR2(100), 
	"USUARIO_MODIFICACION" VARCHAR2(100), 
	"USUARIO_DOMICILIO_CALLE" VARCHAR2(50), 
	"USUARIO_DOMICILIO_NUMERO" VARCHAR2(50)
   ) ;

---------------------------------------------------
--   DATA FOR TABLE TRATAMIENTO
--   FILTER = none used
---------------------------------------------------
REM INSERTING into TRATAMIENTO

---------------------------------------------------
--   END DATA FOR TABLE TRATAMIENTO
---------------------------------------------------

---------------------------------------------------
--   DATA FOR TABLE ANTECEDENTE_GENERAL
--   FILTER = none used
---------------------------------------------------
REM INSERTING into ANTECEDENTE_GENERAL

---------------------------------------------------
--   END DATA FOR TABLE ANTECEDENTE_GENERAL
---------------------------------------------------

---------------------------------------------------
--   DATA FOR TABLE HISTORIA_CLINICA
--   FILTER = none used
---------------------------------------------------
REM INSERTING into HISTORIA_CLINICA
Insert into HISTORIA_CLINICA (HISTORIA_CLINICA_ID,PACIENTE_ID,USUARIO_CREACION,FECHA_CREACION,USUARIO_MODIFICACION,FECHA_MODIFICACION,USUARIO_ID) values (1,1,'shaggy',to_timestamp('12/01/15 00:00:00,000000000','DD/MM/RR HH24:MI:SS,FF'),'shaggy',to_timestamp('12/01/15 00:00:00,000000000','DD/MM/RR HH24:MI:SS,FF'),1);
Insert into HISTORIA_CLINICA (HISTORIA_CLINICA_ID,PACIENTE_ID,USUARIO_CREACION,FECHA_CREACION,USUARIO_MODIFICACION,FECHA_MODIFICACION,USUARIO_ID) values (2,2,'shaggy',to_timestamp('12/01/15 00:00:00,000000000','DD/MM/RR HH24:MI:SS,FF'),'shaggy',to_timestamp('12/01/15 00:00:00,000000000','DD/MM/RR HH24:MI:SS,FF'),1);
Insert into HISTORIA_CLINICA (HISTORIA_CLINICA_ID,PACIENTE_ID,USUARIO_CREACION,FECHA_CREACION,USUARIO_MODIFICACION,FECHA_MODIFICACION,USUARIO_ID) values (3,3,'shaggy',to_timestamp('12/01/15 00:00:00,000000000','DD/MM/RR HH24:MI:SS,FF'),'shaggy',to_timestamp('12/01/15 00:00:00,000000000','DD/MM/RR HH24:MI:SS,FF'),1);
Insert into HISTORIA_CLINICA (HISTORIA_CLINICA_ID,PACIENTE_ID,USUARIO_CREACION,FECHA_CREACION,USUARIO_MODIFICACION,FECHA_MODIFICACION,USUARIO_ID) values (4,4,'shaggy',to_timestamp('12/01/15 00:00:00,000000000','DD/MM/RR HH24:MI:SS,FF'),'shaggy',to_timestamp('12/01/15 00:00:00,000000000','DD/MM/RR HH24:MI:SS,FF'),1);
Insert into HISTORIA_CLINICA (HISTORIA_CLINICA_ID,PACIENTE_ID,USUARIO_CREACION,FECHA_CREACION,USUARIO_MODIFICACION,FECHA_MODIFICACION,USUARIO_ID) values (5,5,'shaggy',to_timestamp('12/01/15 00:00:00,000000000','DD/MM/RR HH24:MI:SS,FF'),'shaggy',to_timestamp('12/01/15 00:00:00,000000000','DD/MM/RR HH24:MI:SS,FF'),1);
Insert into HISTORIA_CLINICA (HISTORIA_CLINICA_ID,PACIENTE_ID,USUARIO_CREACION,FECHA_CREACION,USUARIO_MODIFICACION,FECHA_MODIFICACION,USUARIO_ID) values (6,6,'shaggy',to_timestamp('12/01/15 00:00:00,000000000','DD/MM/RR HH24:MI:SS,FF'),'shaggy',to_timestamp('12/01/15 00:00:00,000000000','DD/MM/RR HH24:MI:SS,FF'),1);
Insert into HISTORIA_CLINICA (HISTORIA_CLINICA_ID,PACIENTE_ID,USUARIO_CREACION,FECHA_CREACION,USUARIO_MODIFICACION,FECHA_MODIFICACION,USUARIO_ID) values (7,7,'shaggy',to_timestamp('12/01/15 00:00:00,000000000','DD/MM/RR HH24:MI:SS,FF'),'shaggy',to_timestamp('12/01/15 00:00:00,000000000','DD/MM/RR HH24:MI:SS,FF'),1);
Insert into HISTORIA_CLINICA (HISTORIA_CLINICA_ID,PACIENTE_ID,USUARIO_CREACION,FECHA_CREACION,USUARIO_MODIFICACION,FECHA_MODIFICACION,USUARIO_ID) values (8,8,'shaggy',to_timestamp('12/01/15 00:00:00,000000000','DD/MM/RR HH24:MI:SS,FF'),'shaggy',to_timestamp('12/01/15 00:00:00,000000000','DD/MM/RR HH24:MI:SS,FF'),1);
Insert into HISTORIA_CLINICA (HISTORIA_CLINICA_ID,PACIENTE_ID,USUARIO_CREACION,FECHA_CREACION,USUARIO_MODIFICACION,FECHA_MODIFICACION,USUARIO_ID) values (9,9,'shaggy',to_timestamp('12/01/15 00:00:00,000000000','DD/MM/RR HH24:MI:SS,FF'),'shaggy',to_timestamp('12/01/15 00:00:00,000000000','DD/MM/RR HH24:MI:SS,FF'),1);
Insert into HISTORIA_CLINICA (HISTORIA_CLINICA_ID,PACIENTE_ID,USUARIO_CREACION,FECHA_CREACION,USUARIO_MODIFICACION,FECHA_MODIFICACION,USUARIO_ID) values (10,10,'shaggy',to_timestamp('12/01/15 00:00:00,000000000','DD/MM/RR HH24:MI:SS,FF'),'shaggy',to_timestamp('12/01/15 00:00:00,000000000','DD/MM/RR HH24:MI:SS,FF'),1);

---------------------------------------------------
--   END DATA FOR TABLE HISTORIA_CLINICA
---------------------------------------------------

---------------------------------------------------
--   DATA FOR TABLE PACIENTE
--   FILTER = none used
---------------------------------------------------
REM INSERTING into PACIENTE
Insert into PACIENTE (PACIENTE_ID,PACIENTE_NOMBRE,PACIENTE_APELLIDO,PACIENTE_DNI,PACIENTE_TELEFONO,PACIENTE_DOMICILIO_CALLE,PACIENTE_OBRA_SOCIAL,PACIENTE_EDAD,USUARIO_CREACION,FECHA_CREACION,USUARIO_MODIFICACION,FECHA_MODIFICACION,PACIENTE_ESTADO_CIVIL,PACIENTE_FECHA_NACIMIENTO,PACIENTE_SEXO,PACIENTE_LUGAR_NACIMIENTO,PACIENTE_PROFESION,PACIENTE_NUMERO_AFILIADO,PACIENTE_DOMICILIO_NUMERO,PACIENTE_DOMICILIO_BARRIO) values (1,'Fabian','Aviles','999999','039999','monte de   
ocz','pami','67','shaggy',to_timestamp('19/12/14 00:00:00,000000000','DD/MM/RR HH24:MI:SS,FF'),'shaggy',to_timestamp('19/12/14 00:00:00,000000000','DD/MM/RR HH24:MI:SS,FF'),'casado',to_timestamp('19/01/38 00:00:00,000000000','DD/MM/RR HH24:MI:SS,FF'),'M','Gral Guemes Salta','Jubilado','150869533805-00','9','Snopec');
Insert into PACIENTE (PACIENTE_ID,PACIENTE_NOMBRE,PACIENTE_APELLIDO,PACIENTE_DNI,PACIENTE_TELEFONO,PACIENTE_DOMICILIO_CALLE,PACIENTE_OBRA_SOCIAL,PACIENTE_EDAD,USUARIO_CREACION,FECHA_CREACION,USUARIO_MODIFICACION,FECHA_MODIFICACION,PACIENTE_ESTADO_CIVIL,PACIENTE_FECHA_NACIMIENTO,PACIENTE_SEXO,PACIENTE_LUGAR_NACIMIENTO,PACIENTE_PROFESION,PACIENTE_NUMERO_AFILIADO,PACIENTE_DOMICILIO_NUMERO,PACIENTE_DOMICILIO_BARRIO) values (2,'Dionicio','Alvarado','999999','039999','Avda Acosta','pami','73','shaggy',to_timestamp('19/12/14 00:00:00,000000000','DD/MM/RR HH24:MI:SS,FF'),'shaggy',to_timestamp('19/12/14 00:00:00,000000000','DD/MM/RR HH24:MI:SS,FF'),'casado',to_timestamp('08/11/25 00:00:00,000000000','DD/MM/RR HH24:MI:SS,FF'),'M','La Urbina San Pedro Jujuy','Jubilado','110337230600-00','18','Arvorada');
Insert into PACIENTE (PACIENTE_ID,PACIENTE_NOMBRE,PACIENTE_APELLIDO,PACIENTE_DNI,PACIENTE_TELEFONO,PACIENTE_DOMICILIO_CALLE,PACIENTE_OBRA_SOCIAL,PACIENTE_EDAD,USUARIO_CREACION,FECHA_CREACION,USUARIO_MODIFICACION,FECHA_MODIFICACION,PACIENTE_ESTADO_CIVIL,PACIENTE_FECHA_NACIMIENTO,PACIENTE_SEXO,PACIENTE_LUGAR_NACIMIENTO,PACIENTE_PROFESION,PACIENTE_NUMERO_AFILIADO,PACIENTE_DOMICILIO_NUMERO,PACIENTE_DOMICILIO_BARRIO) values (3,'Donato','Bedia Saavedra','999999','039999','Zarcosa','pami','67','shaggy',to_timestamp('19/12/14 00:00:00,000000000','DD/MM/RR HH24:MI:SS,FF'),'shaggy',to_timestamp('19/12/14 00:00:00,000000000','DD/MM/RR HH24:MI:SS,FF'),'viudo',to_timestamp('09/04/32 00:00:00,000000000','DD/MM/RR HH24:MI:SS,FF'),'M','Sangochipa Bolivia','Jubilado','150016778404-00','7','Las Aves');
Insert into PACIENTE (PACIENTE_ID,PACIENTE_NOMBRE,PACIENTE_APELLIDO,PACIENTE_DNI,PACIENTE_TELEFONO,PACIENTE_DOMICILIO_CALLE,PACIENTE_OBRA_SOCIAL,PACIENTE_EDAD,USUARIO_CREACION,FECHA_CREACION,USUARIO_MODIFICACION,FECHA_MODIFICACION,PACIENTE_ESTADO_CIVIL,PACIENTE_FECHA_NACIMIENTO,PACIENTE_SEXO,PACIENTE_LUGAR_NACIMIENTO,PACIENTE_PROFESION,PACIENTE_NUMERO_AFILIADO,PACIENTE_DOMICILIO_NUMERO,PACIENTE_DOMICILIO_BARRIO) values (4,'Telestoro','Tejerina','999999','039999','Guemes','pami','71','shaggy',to_timestamp('19/12/14 00:00:00,000000000','DD/MM/RR HH24:MI:SS,FF'),'shaggy',to_timestamp('19/12/14 00:00:00,000000000','DD/MM/RR HH24:MI:SS,FF'),'viudo',to_timestamp('23/04/33 00:00:00,000000000','DD/MM/RR HH24:MI:SS,FF'),'M','La Mendieta San Pedro Jujuy','Jubilado','150027797702-00','8','Quinta');
Insert into PACIENTE (PACIENTE_ID,PACIENTE_NOMBRE,PACIENTE_APELLIDO,PACIENTE_DNI,PACIENTE_TELEFONO,PACIENTE_DOMICILIO_CALLE,PACIENTE_OBRA_SOCIAL,PACIENTE_EDAD,USUARIO_CREACION,FECHA_CREACION,USUARIO_MODIFICACION,FECHA_MODIFICACION,PACIENTE_ESTADO_CIVIL,PACIENTE_FECHA_NACIMIENTO,PACIENTE_SEXO,PACIENTE_LUGAR_NACIMIENTO,PACIENTE_PROFESION,PACIENTE_NUMERO_AFILIADO,PACIENTE_DOMICILIO_NUMERO,PACIENTE_DOMICILIO_BARRIO) values (5,'Casiano Hipolito','Maizares','999999','039999','Rolon','pami','76','shaggy',to_timestamp('19/12/14 00:00:00,000000000','DD/MM/RR HH24:MI:SS,FF'),'shaggy',to_timestamp('19/12/14 00:00:00,000000000','DD/MM/RR HH24:MI:SS,FF'),'viudo',to_timestamp('15/04/26 00:00:00,000000000','DD/MM/RR HH24:MI:SS,FF'),'M','Villazon Bolivia','Jubilado','110960163808-00','48','Sin Nombre');
Insert into PACIENTE (PACIENTE_ID,PACIENTE_NOMBRE,PACIENTE_APELLIDO,PACIENTE_DNI,PACIENTE_TELEFONO,PACIENTE_DOMICILIO_CALLE,PACIENTE_OBRA_SOCIAL,PACIENTE_EDAD,USUARIO_CREACION,FECHA_CREACION,USUARIO_MODIFICACION,FECHA_MODIFICACION,PACIENTE_ESTADO_CIVIL,PACIENTE_FECHA_NACIMIENTO,PACIENTE_SEXO,PACIENTE_LUGAR_NACIMIENTO,PACIENTE_PROFESION,PACIENTE_NUMERO_AFILIADO,PACIENTE_DOMICILIO_NUMERO,PACIENTE_DOMICILIO_BARRIO) values (10,'Maria Josefa','Medina','999999','039999','Ostimera','pami','66','shaggy',to_timestamp('20/12/14 00:00:00,000000000','DD/MM/RR HH24:MI:SS,FF'),'shaggy',to_timestamp('20/12/14 00:00:00,000000000','DD/MM/RR HH24:MI:SS,FF'),'viudo',to_timestamp('26/11/32 00:00:00,000000000','DD/MM/RR HH24:MI:SS,FF'),'F','Tofera Dpto Javi Jujuy','Que haceres domesticos','1558235624-04','11','Sin Nombre');
Insert into PACIENTE (PACIENTE_ID,PACIENTE_NOMBRE,PACIENTE_APELLIDO,PACIENTE_DNI,PACIENTE_TELEFONO,PACIENTE_DOMICILIO_CALLE,PACIENTE_OBRA_SOCIAL,PACIENTE_EDAD,USUARIO_CREACION,FECHA_CREACION,USUARIO_MODIFICACION,FECHA_MODIFICACION,PACIENTE_ESTADO_CIVIL,PACIENTE_FECHA_NACIMIENTO,PACIENTE_SEXO,PACIENTE_LUGAR_NACIMIENTO,PACIENTE_PROFESION,PACIENTE_NUMERO_AFILIADO,PACIENTE_DOMICILIO_NUMERO,PACIENTE_DOMICILIO_BARRIO) values (6,'Marcela','Burgos','999999','039999','Libertad','pami','69','shaggy',to_timestamp('19/12/14 00:00:00,000000000','DD/MM/RR HH24:MI:SS,FF'),'shaggy',to_timestamp('19/12/14 00:00:00,000000000','DD/MM/RR HH24:MI:SS,FF'),'casada',to_timestamp('19/02/30 00:00:00,000000000','DD/MM/RR HH24:MI:SS,FF'),'F','San Salvador de Jujuy','Que haceres domesticos','060330015405-01','30','Sin Nombre');
Insert into PACIENTE (PACIENTE_ID,PACIENTE_NOMBRE,PACIENTE_APELLIDO,PACIENTE_DNI,PACIENTE_TELEFONO,PACIENTE_DOMICILIO_CALLE,PACIENTE_OBRA_SOCIAL,PACIENTE_EDAD,USUARIO_CREACION,FECHA_CREACION,USUARIO_MODIFICACION,FECHA_MODIFICACION,PACIENTE_ESTADO_CIVIL,PACIENTE_FECHA_NACIMIENTO,PACIENTE_SEXO,PACIENTE_LUGAR_NACIMIENTO,PACIENTE_PROFESION,PACIENTE_NUMERO_AFILIADO,PACIENTE_DOMICILIO_NUMERO,PACIENTE_DOMICILIO_BARRIO) values (7,'Laurencio','Miranda','999999','039999','Belgrano','pami','78','shaggy',to_timestamp('19/12/14 00:00:00,000000000','DD/MM/RR HH24:MI:SS,FF'),'shaggy',to_timestamp('19/12/14 00:00:00,000000000','DD/MM/RR HH24:MI:SS,FF'),'viudo',to_timestamp('15/06/27 00:00:00,000000000','DD/MM/RR HH24:MI:SS,FF'),'M','La Mendieta San Pedro Jujuy','Jubilado','110938749508-08','78','25 de Mayo');
Insert into PACIENTE (PACIENTE_ID,PACIENTE_NOMBRE,PACIENTE_APELLIDO,PACIENTE_DNI,PACIENTE_TELEFONO,PACIENTE_DOMICILIO_CALLE,PACIENTE_OBRA_SOCIAL,PACIENTE_EDAD,USUARIO_CREACION,FECHA_CREACION,USUARIO_MODIFICACION,FECHA_MODIFICACION,PACIENTE_ESTADO_CIVIL,PACIENTE_FECHA_NACIMIENTO,PACIENTE_SEXO,PACIENTE_LUGAR_NACIMIENTO,PACIENTE_PROFESION,PACIENTE_NUMERO_AFILIADO,PACIENTE_DOMICILIO_NUMERO,PACIENTE_DOMICILIO_BARRIO) values (8,'Prudencia','Tolaba','999999','039999','Benteveo','pami','76','shaggy',to_timestamp('20/12/14 00:00:00,000000000','DD/MM/RR HH24:MI:SS,FF'),'shaggy',to_timestamp('20/12/14 00:00:00,000000000','DD/MM/RR HH24:MI:SS,FF'),'viudo',to_timestamp('04/09/46 00:00:00,000000000','DD/MM/RR HH24:MI:SS,FF'),'F','Lote Zausal San Pedro Jujuy','Que haceres domesticos','115947784000-00','8','Sin Nombre');
Insert into PACIENTE (PACIENTE_ID,PACIENTE_NOMBRE,PACIENTE_APELLIDO,PACIENTE_DNI,PACIENTE_TELEFONO,PACIENTE_DOMICILIO_CALLE,PACIENTE_OBRA_SOCIAL,PACIENTE_EDAD,USUARIO_CREACION,FECHA_CREACION,USUARIO_MODIFICACION,FECHA_MODIFICACION,PACIENTE_ESTADO_CIVIL,PACIENTE_FECHA_NACIMIENTO,PACIENTE_SEXO,PACIENTE_LUGAR_NACIMIENTO,PACIENTE_PROFESION,PACIENTE_NUMERO_AFILIADO,PACIENTE_DOMICILIO_NUMERO,PACIENTE_DOMICILIO_BARRIO) values (9,'Frenandina','Boulovier','999999','039999','Mariano Moreno','pami','75','shaggy',to_timestamp('20/12/14 00:00:00,000000000','DD/MM/RR HH24:MI:SS,FF'),'shaggy',to_timestamp('20/12/14 00:00:00,000000000','DD/MM/RR HH24:MI:SS,FF'),'casada',to_timestamp('15/02/30 00:00:00,000000000','DD/MM/RR HH24:MI:SS,FF'),'F','Embarcacion Salta','Que haceres domesticos','110339049509-01','4','Quinta');

---------------------------------------------------
--   END DATA FOR TABLE PACIENTE
---------------------------------------------------

---------------------------------------------------
--   DATA FOR TABLE DETALLE_PATOLOGIA
--   FILTER = none used
---------------------------------------------------
REM INSERTING into DETALLE_PATOLOGIA
Insert into DETALLE_PATOLOGIA (DETALLE_PAT_ID,PATOLOGIA_ID,DETALLE_PAT_NOMBRE,DETALLE_PAT_DESCRIPCION,FECHA_CREACION,FECHA_MODIFICACION,USUARIO_CREACION,USUARIO_MODIFICACION) values (1,1,'Hiper. Arterial','Hiper. Arterial',to_timestamp('08/01/15 00:00:00,000000000','DD/MM/RR HH24:MI:SS,FF'),to_timestamp('08/01/15 00:00:00,000000000','DD/MM/RR HH24:MI:SS,FF'),'shaggy','shaggy');
Insert into DETALLE_PATOLOGIA (DETALLE_PAT_ID,PATOLOGIA_ID,DETALLE_PAT_NOMBRE,DETALLE_PAT_DESCRIPCION,FECHA_CREACION,FECHA_MODIFICACION,USUARIO_CREACION,USUARIO_MODIFICACION) values (2,1,'Arritmias','Arritmias',to_timestamp('08/01/15 00:00:00,000000000','DD/MM/RR HH24:MI:SS,FF'),to_timestamp('08/01/15 00:00:00,000000000','DD/MM/RR HH24:MI:SS,FF'),'shaggy','shaggy');
Insert into DETALLE_PATOLOGIA (DETALLE_PAT_ID,PATOLOGIA_ID,DETALLE_PAT_NOMBRE,DETALLE_PAT_DESCRIPCION,FECHA_CREACION,FECHA_MODIFICACION,USUARIO_CREACION,USUARIO_MODIFICACION) values (3,1,'Valvulopatias','Valvulopatias',to_timestamp('08/01/15 00:00:00,000000000','DD/MM/RR HH24:MI:SS,FF'),to_timestamp('08/01/15 00:00:00,000000000','DD/MM/RR HH24:MI:SS,FF'),'shaggy','shaggy');
Insert into DETALLE_PATOLOGIA (DETALLE_PAT_ID,PATOLOGIA_ID,DETALLE_PAT_NOMBRE,DETALLE_PAT_DESCRIPCION,FECHA_CREACION,FECHA_MODIFICACION,USUARIO_CREACION,USUARIO_MODIFICACION) values (4,1,'I. Cardiaca','I. Cardiaca',to_timestamp('08/01/15 00:00:00,000000000','DD/MM/RR HH24:MI:SS,FF'),to_timestamp('08/01/15 00:00:00,000000000','DD/MM/RR HH24:MI:SS,FF'),'shaggy','shaggy');
Insert into DETALLE_PATOLOGIA (DETALLE_PAT_ID,PATOLOGIA_ID,DETALLE_PAT_NOMBRE,DETALLE_PAT_DESCRIPCION,FECHA_CREACION,FECHA_MODIFICACION,USUARIO_CREACION,USUARIO_MODIFICACION) values (5,1,'Coronariopatias','Coronariopatias',to_timestamp('08/01/15 00:00:00,000000000','DD/MM/RR HH24:MI:SS,FF'),to_timestamp('08/01/15 00:00:00,000000000','DD/MM/RR HH24:MI:SS,FF'),'shaggy','shaggy');
Insert into DETALLE_PATOLOGIA (DETALLE_PAT_ID,PATOLOGIA_ID,DETALLE_PAT_NOMBRE,DETALLE_PAT_DESCRIPCION,FECHA_CREACION,FECHA_MODIFICACION,USUARIO_CREACION,USUARIO_MODIFICACION) values (6,1,'Arteriopatias','Arteriopatias',to_timestamp('08/01/15 00:00:00,000000000','DD/MM/RR HH24:MI:SS,FF'),to_timestamp('08/01/15 00:00:00,000000000','DD/MM/RR HH24:MI:SS,FF'),'shaggy','shaggy');
Insert into DETALLE_PATOLOGIA (DETALLE_PAT_ID,PATOLOGIA_ID,DETALLE_PAT_NOMBRE,DETALLE_PAT_DESCRIPCION,FECHA_CREACION,FECHA_MODIFICACION,USUARIO_CREACION,USUARIO_MODIFICACION) values (7,1,'Flebopatias','Flebopatias',to_timestamp('08/01/15 00:00:00,000000000','DD/MM/RR HH24:MI:SS,FF'),to_timestamp('08/01/15 00:00:00,000000000','DD/MM/RR HH24:MI:SS,FF'),'shaggy','shaggy');
Insert into DETALLE_PATOLOGIA (DETALLE_PAT_ID,PATOLOGIA_ID,DETALLE_PAT_NOMBRE,DETALLE_PAT_DESCRIPCION,FECHA_CREACION,FECHA_MODIFICACION,USUARIO_CREACION,USUARIO_MODIFICACION) values (8,2,'Asma','Asma',to_timestamp('08/01/15 00:00:00,000000000','DD/MM/RR HH24:MI:SS,FF'),to_timestamp('08/01/15 00:00:00,000000000','DD/MM/RR HH24:MI:SS,FF'),'shaggy','shaggy');
Insert into DETALLE_PATOLOGIA (DETALLE_PAT_ID,PATOLOGIA_ID,DETALLE_PAT_NOMBRE,DETALLE_PAT_DESCRIPCION,FECHA_CREACION,FECHA_MODIFICACION,USUARIO_CREACION,USUARIO_MODIFICACION) values (9,2,'Bronquitis','Bronquitis',to_timestamp('08/01/15 00:00:00,000000000','DD/MM/RR HH24:MI:SS,FF'),to_timestamp('08/01/15 00:00:00,000000000','DD/MM/RR HH24:MI:SS,FF'),'shaggy','shaggy');
Insert into DETALLE_PATOLOGIA (DETALLE_PAT_ID,PATOLOGIA_ID,DETALLE_PAT_NOMBRE,DETALLE_PAT_DESCRIPCION,FECHA_CREACION,FECHA_MODIFICACION,USUARIO_CREACION,USUARIO_MODIFICACION) values (10,2,'Enfisema','Enfisema',to_timestamp('08/01/15 00:00:00,000000000','DD/MM/RR HH24:MI:SS,FF'),to_timestamp('08/01/15 00:00:00,000000000','DD/MM/RR HH24:MI:SS,FF'),'shaggy','shaggy');
Insert into DETALLE_PATOLOGIA (DETALLE_PAT_ID,PATOLOGIA_ID,DETALLE_PAT_NOMBRE,DETALLE_PAT_DESCRIPCION,FECHA_CREACION,FECHA_MODIFICACION,USUARIO_CREACION,USUARIO_MODIFICACION) values (11,2,'TBC','TBC',to_timestamp('08/01/15 00:00:00,000000000','DD/MM/RR HH24:MI:SS,FF'),to_timestamp('08/01/15 00:00:00,000000000','DD/MM/RR HH24:MI:SS,FF'),'shaggy','shaggy');
Insert into DETALLE_PATOLOGIA (DETALLE_PAT_ID,PATOLOGIA_ID,DETALLE_PAT_NOMBRE,DETALLE_PAT_DESCRIPCION,FECHA_CREACION,FECHA_MODIFICACION,USUARIO_CREACION,USUARIO_MODIFICACION) values (12,2,'Arritmias','Arritmias',to_timestamp('08/01/15 00:00:00,000000000','DD/MM/RR HH24:MI:SS,FF'),to_timestamp('08/01/15 00:00:00,000000000','DD/MM/RR HH24:MI:SS,FF'),'shaggy','shaggy');
Insert into DETALLE_PATOLOGIA (DETALLE_PAT_ID,PATOLOGIA_ID,DETALLE_PAT_NOMBRE,DETALLE_PAT_DESCRIPCION,FECHA_CREACION,FECHA_MODIFICACION,USUARIO_CREACION,USUARIO_MODIFICACION) values (13,3,'Gastritis','Gastritis',to_timestamp('08/01/15 00:00:00,000000000','DD/MM/RR HH24:MI:SS,FF'),to_timestamp('08/01/15 00:00:00,000000000','DD/MM/RR HH24:MI:SS,FF'),'shaggy','shaggy');
Insert into DETALLE_PATOLOGIA (DETALLE_PAT_ID,PATOLOGIA_ID,DETALLE_PAT_NOMBRE,DETALLE_PAT_DESCRIPCION,FECHA_CREACION,FECHA_MODIFICACION,USUARIO_CREACION,USUARIO_MODIFICACION) values (14,3,'Ulcera Peptica','Ulcera Peptica',to_timestamp('08/01/15 00:00:00,000000000','DD/MM/RR HH24:MI:SS,FF'),to_timestamp('08/01/15 00:00:00,000000000','DD/MM/RR HH24:MI:SS,FF'),'shaggy','shaggy');
Insert into DETALLE_PATOLOGIA (DETALLE_PAT_ID,PATOLOGIA_ID,DETALLE_PAT_NOMBRE,DETALLE_PAT_DESCRIPCION,FECHA_CREACION,FECHA_MODIFICACION,USUARIO_CREACION,USUARIO_MODIFICACION) values (15,3,'Diarrea Cronica','Diearrea Cronica',to_timestamp('08/01/15 00:00:00,000000000','DD/MM/RR HH24:MI:SS,FF'),to_timestamp('08/01/15 00:00:00,000000000','DD/MM/RR HH24:MI:SS,FF'),'shaggy','shaggy');
Insert into DETALLE_PATOLOGIA (DETALLE_PAT_ID,PATOLOGIA_ID,DETALLE_PAT_NOMBRE,DETALLE_PAT_DESCRIPCION,FECHA_CREACION,FECHA_MODIFICACION,USUARIO_CREACION,USUARIO_MODIFICACION) values (16,3,'Colecistopatias','Colecistopatias',to_timestamp('08/01/15 00:00:00,000000000','DD/MM/RR HH24:MI:SS,FF'),to_timestamp('08/01/15 00:00:00,000000000','DD/MM/RR HH24:MI:SS,FF'),'shaggy','shaggy');
Insert into DETALLE_PATOLOGIA (DETALLE_PAT_ID,PATOLOGIA_ID,DETALLE_PAT_NOMBRE,DETALLE_PAT_DESCRIPCION,FECHA_CREACION,FECHA_MODIFICACION,USUARIO_CREACION,USUARIO_MODIFICACION) values (17,3,'Hepatopatias','Hepatopatias',to_timestamp('08/01/15 00:00:00,000000000','DD/MM/RR HH24:MI:SS,FF'),to_timestamp('08/01/15 00:00:00,000000000','DD/MM/RR HH24:MI:SS,FF'),'shaggy','shaggy');
Insert into DETALLE_PATOLOGIA (DETALLE_PAT_ID,PATOLOGIA_ID,DETALLE_PAT_NOMBRE,DETALLE_PAT_DESCRIPCION,FECHA_CREACION,FECHA_MODIFICACION,USUARIO_CREACION,USUARIO_MODIFICACION) values (18,3,'Hemorroides','Hemorroides',to_timestamp('08/01/15 00:00:00,000000000','DD/MM/RR HH24:MI:SS,FF'),to_timestamp('08/01/15 00:00:00,000000000','DD/MM/RR HH24:MI:SS,FF'),'shaggy','shaggy');
Insert into DETALLE_PATOLOGIA (DETALLE_PAT_ID,PATOLOGIA_ID,DETALLE_PAT_NOMBRE,DETALLE_PAT_DESCRIPCION,FECHA_CREACION,FECHA_MODIFICACION,USUARIO_CREACION,USUARIO_MODIFICACION) values (19,4,'Sind. Isquemicos','Sind. Isquemicos',to_timestamp('08/01/15 00:00:00,000000000','DD/MM/RR HH24:MI:SS,FF'),to_timestamp('08/01/15 00:00:00,000000000','DD/MM/RR HH24:MI:SS,FF'),'shaggy','shaggy');
Insert into DETALLE_PATOLOGIA (DETALLE_PAT_ID,PATOLOGIA_ID,DETALLE_PAT_NOMBRE,DETALLE_PAT_DESCRIPCION,FECHA_CREACION,FECHA_MODIFICACION,USUARIO_CREACION,USUARIO_MODIFICACION) values (20,4,'Sind. Hemorraico','Sind. Hemorraico',to_timestamp('08/01/15 00:00:00,000000000','DD/MM/RR HH24:MI:SS,FF'),to_timestamp('08/01/15 00:00:00,000000000','DD/MM/RR HH24:MI:SS,FF'),'shaggy','shaggy');
Insert into DETALLE_PATOLOGIA (DETALLE_PAT_ID,PATOLOGIA_ID,DETALLE_PAT_NOMBRE,DETALLE_PAT_DESCRIPCION,FECHA_CREACION,FECHA_MODIFICACION,USUARIO_CREACION,USUARIO_MODIFICACION) values (21,4,'Cefaleas','Cefaleas',to_timestamp('08/01/15 00:00:00,000000000','DD/MM/RR HH24:MI:SS,FF'),to_timestamp('08/01/15 00:00:00,000000000','DD/MM/RR HH24:MI:SS,FF'),'shaggy','shaggy');
Insert into DETALLE_PATOLOGIA (DETALLE_PAT_ID,PATOLOGIA_ID,DETALLE_PAT_NOMBRE,DETALLE_PAT_DESCRIPCION,FECHA_CREACION,FECHA_MODIFICACION,USUARIO_CREACION,USUARIO_MODIFICACION) values (22,4,'Enf. Degenerativas','Enf. Degenerativas',to_timestamp('08/01/15 00:00:00,000000000','DD/MM/RR HH24:MI:SS,FF'),to_timestamp('08/01/15 00:00:00,000000000','DD/MM/RR HH24:MI:SS,FF'),'shaggy','shaggy');
Insert into DETALLE_PATOLOGIA (DETALLE_PAT_ID,PATOLOGIA_ID,DETALLE_PAT_NOMBRE,DETALLE_PAT_DESCRIPCION,FECHA_CREACION,FECHA_MODIFICACION,USUARIO_CREACION,USUARIO_MODIFICACION) values (23,4,'Neu. Perifericas','Neu. Perifericas',to_timestamp('08/01/15 00:00:00,000000000','DD/MM/RR HH24:MI:SS,FF'),to_timestamp('08/01/15 00:00:00,000000000','DD/MM/RR HH24:MI:SS,FF'),'shaggy','shaggy');
Insert into DETALLE_PATOLOGIA (DETALLE_PAT_ID,PATOLOGIA_ID,DETALLE_PAT_NOMBRE,DETALLE_PAT_DESCRIPCION,FECHA_CREACION,FECHA_MODIFICACION,USUARIO_CREACION,USUARIO_MODIFICACION) values (24,4,'Traumas Medulares','Traumas Medulares',to_timestamp('08/01/15 00:00:00,000000000','DD/MM/RR HH24:MI:SS,FF'),to_timestamp('08/01/15 00:00:00,000000000','DD/MM/RR HH24:MI:SS,FF'),'shaggy','shaggy');
Insert into DETALLE_PATOLOGIA (DETALLE_PAT_ID,PATOLOGIA_ID,DETALLE_PAT_NOMBRE,DETALLE_PAT_DESCRIPCION,FECHA_CREACION,FECHA_MODIFICACION,USUARIO_CREACION,USUARIO_MODIFICACION) values (25,5,'Diabetes','Diabetes',to_timestamp('08/01/15 00:00:00,000000000','DD/MM/RR HH24:MI:SS,FF'),to_timestamp('08/01/15 00:00:00,000000000','DD/MM/RR HH24:MI:SS,FF'),'shaggy','shaggy');
Insert into DETALLE_PATOLOGIA (DETALLE_PAT_ID,PATOLOGIA_ID,DETALLE_PAT_NOMBRE,DETALLE_PAT_DESCRIPCION,FECHA_CREACION,FECHA_MODIFICACION,USUARIO_CREACION,USUARIO_MODIFICACION) values (26,5,'Hipotiroidismo','Hipotiroidismo',to_timestamp('08/01/15 00:00:00,000000000','DD/MM/RR HH24:MI:SS,FF'),to_timestamp('08/01/15 00:00:00,000000000','DD/MM/RR HH24:MI:SS,FF'),'shaggy','shaggy');
Insert into DETALLE_PATOLOGIA (DETALLE_PAT_ID,PATOLOGIA_ID,DETALLE_PAT_NOMBRE,DETALLE_PAT_DESCRIPCION,FECHA_CREACION,FECHA_MODIFICACION,USUARIO_CREACION,USUARIO_MODIFICACION) values (27,5,'Hipertiroidismo','Hipertiroidismo',to_timestamp('08/01/15 00:00:00,000000000','DD/MM/RR HH24:MI:SS,FF'),to_timestamp('08/01/15 00:00:00,000000000','DD/MM/RR HH24:MI:SS,FF'),'shaggy','shaggy');
Insert into DETALLE_PATOLOGIA (DETALLE_PAT_ID,PATOLOGIA_ID,DETALLE_PAT_NOMBRE,DETALLE_PAT_DESCRIPCION,FECHA_CREACION,FECHA_MODIFICACION,USUARIO_CREACION,USUARIO_MODIFICACION) values (28,6,'Inf. Urinarias','Inf. Urinarias',to_timestamp('08/01/15 00:00:00,000000000','DD/MM/RR HH24:MI:SS,FF'),to_timestamp('08/01/15 00:00:00,000000000','DD/MM/RR HH24:MI:SS,FF'),'shaggy','shaggy');
Insert into DETALLE_PATOLOGIA (DETALLE_PAT_ID,PATOLOGIA_ID,DETALLE_PAT_NOMBRE,DETALLE_PAT_DESCRIPCION,FECHA_CREACION,FECHA_MODIFICACION,USUARIO_CREACION,USUARIO_MODIFICACION) values (29,6,'Litiasis','Litiasis',to_timestamp('08/01/15 00:00:00,000000000','DD/MM/RR HH24:MI:SS,FF'),to_timestamp('08/01/15 00:00:00,000000000','DD/MM/RR HH24:MI:SS,FF'),'shaggy','shaggy');
Insert into DETALLE_PATOLOGIA (DETALLE_PAT_ID,PATOLOGIA_ID,DETALLE_PAT_NOMBRE,DETALLE_PAT_DESCRIPCION,FECHA_CREACION,FECHA_MODIFICACION,USUARIO_CREACION,USUARIO_MODIFICACION) values (30,6,'Protatismo','Protatismo',to_timestamp('08/01/15 00:00:00,000000000','DD/MM/RR HH24:MI:SS,FF'),to_timestamp('08/01/15 00:00:00,000000000','DD/MM/RR HH24:MI:SS,FF'),'shaggy','shaggy');
Insert into DETALLE_PATOLOGIA (DETALLE_PAT_ID,PATOLOGIA_ID,DETALLE_PAT_NOMBRE,DETALLE_PAT_DESCRIPCION,FECHA_CREACION,FECHA_MODIFICACION,USUARIO_CREACION,USUARIO_MODIFICACION) values (31,6,'I.R.C.','I.R.C.',to_timestamp('08/01/15 00:00:00,000000000','DD/MM/RR HH24:MI:SS,FF'),to_timestamp('08/01/15 00:00:00,000000000','DD/MM/RR HH24:MI:SS,FF'),'shaggy','shaggy');
Insert into DETALLE_PATOLOGIA (DETALLE_PAT_ID,PATOLOGIA_ID,DETALLE_PAT_NOMBRE,DETALLE_PAT_DESCRIPCION,FECHA_CREACION,FECHA_MODIFICACION,USUARIO_CREACION,USUARIO_MODIFICACION) values (32,7,'Venereas','Venereas',to_timestamp('08/01/15 00:00:00,000000000','DD/MM/RR HH24:MI:SS,FF'),to_timestamp('08/01/15 00:00:00,000000000','DD/MM/RR HH24:MI:SS,FF'),'shaggy','shaggy');
Insert into DETALLE_PATOLOGIA (DETALLE_PAT_ID,PATOLOGIA_ID,DETALLE_PAT_NOMBRE,DETALLE_PAT_DESCRIPCION,FECHA_CREACION,FECHA_MODIFICACION,USUARIO_CREACION,USUARIO_MODIFICACION) values (33,7,'Chagas','Chagas',to_timestamp('08/01/15 00:00:00,000000000','DD/MM/RR HH24:MI:SS,FF'),to_timestamp('08/01/15 00:00:00,000000000','DD/MM/RR HH24:MI:SS,FF'),'shaggy','shaggy');
Insert into DETALLE_PATOLOGIA (DETALLE_PAT_ID,PATOLOGIA_ID,DETALLE_PAT_NOMBRE,DETALLE_PAT_DESCRIPCION,FECHA_CREACION,FECHA_MODIFICACION,USUARIO_CREACION,USUARIO_MODIFICACION) values (34,7,'Parasitosis','Parasitosis',to_timestamp('08/01/15 00:00:00,000000000','DD/MM/RR HH24:MI:SS,FF'),to_timestamp('08/01/15 00:00:00,000000000','DD/MM/RR HH24:MI:SS,FF'),'shaggy','shaggy');
Insert into DETALLE_PATOLOGIA (DETALLE_PAT_ID,PATOLOGIA_ID,DETALLE_PAT_NOMBRE,DETALLE_PAT_DESCRIPCION,FECHA_CREACION,FECHA_MODIFICACION,USUARIO_CREACION,USUARIO_MODIFICACION) values (35,8,'Demencia','Demencia',to_timestamp('08/01/15 00:00:00,000000000','DD/MM/RR HH24:MI:SS,FF'),to_timestamp('08/01/15 00:00:00,000000000','DD/MM/RR HH24:MI:SS,FF'),'shaggy','shaggy');
Insert into DETALLE_PATOLOGIA (DETALLE_PAT_ID,PATOLOGIA_ID,DETALLE_PAT_NOMBRE,DETALLE_PAT_DESCRIPCION,FECHA_CREACION,FECHA_MODIFICACION,USUARIO_CREACION,USUARIO_MODIFICACION) values (36,8,'Depresion','Depresion',to_timestamp('08/01/15 00:00:00,000000000','DD/MM/RR HH24:MI:SS,FF'),to_timestamp('08/01/15 00:00:00,000000000','DD/MM/RR HH24:MI:SS,FF'),'shaggy','shaggy');
Insert into DETALLE_PATOLOGIA (DETALLE_PAT_ID,PATOLOGIA_ID,DETALLE_PAT_NOMBRE,DETALLE_PAT_DESCRIPCION,FECHA_CREACION,FECHA_MODIFICACION,USUARIO_CREACION,USUARIO_MODIFICACION) values (37,8,'Psicosis','Psicosis',to_timestamp('08/01/15 00:00:00,000000000','DD/MM/RR HH24:MI:SS,FF'),to_timestamp('08/01/15 00:00:00,000000000','DD/MM/RR HH24:MI:SS,FF'),'shaggy','shaggy');
Insert into DETALLE_PATOLOGIA (DETALLE_PAT_ID,PATOLOGIA_ID,DETALLE_PAT_NOMBRE,DETALLE_PAT_DESCRIPCION,FECHA_CREACION,FECHA_MODIFICACION,USUARIO_CREACION,USUARIO_MODIFICACION) values (38,9,'Anemia','Anemia',to_timestamp('08/01/15 00:00:00,000000000','DD/MM/RR HH24:MI:SS,FF'),to_timestamp('08/01/15 00:00:00,000000000','DD/MM/RR HH24:MI:SS,FF'),'shaggy','shaggy');
Insert into DETALLE_PATOLOGIA (DETALLE_PAT_ID,PATOLOGIA_ID,DETALLE_PAT_NOMBRE,DETALLE_PAT_DESCRIPCION,FECHA_CREACION,FECHA_MODIFICACION,USUARIO_CREACION,USUARIO_MODIFICACION) values (39,9,'Leucosis','Leucosis',to_timestamp('08/01/15 00:00:00,000000000','DD/MM/RR HH24:MI:SS,FF'),to_timestamp('08/01/15 00:00:00,000000000','DD/MM/RR HH24:MI:SS,FF'),'shaggy','shaggy');
Insert into DETALLE_PATOLOGIA (DETALLE_PAT_ID,PATOLOGIA_ID,DETALLE_PAT_NOMBRE,DETALLE_PAT_DESCRIPCION,FECHA_CREACION,FECHA_MODIFICACION,USUARIO_CREACION,USUARIO_MODIFICACION) values (40,9,'Linfomas','Linfomas',to_timestamp('08/01/15 00:00:00,000000000','DD/MM/RR HH24:MI:SS,FF'),to_timestamp('08/01/15 00:00:00,000000000','DD/MM/RR HH24:MI:SS,FF'),'shaggy','shaggy');
Insert into DETALLE_PATOLOGIA (DETALLE_PAT_ID,PATOLOGIA_ID,DETALLE_PAT_NOMBRE,DETALLE_PAT_DESCRIPCION,FECHA_CREACION,FECHA_MODIFICACION,USUARIO_CREACION,USUARIO_MODIFICACION) values (41,10,'A. Reumatoidea','A. Reumatoidea',to_timestamp('08/01/15 00:00:00,000000000','DD/MM/RR HH24:MI:SS,FF'),to_timestamp('08/01/15 00:00:00,000000000','DD/MM/RR HH24:MI:SS,FF'),'shaggy','shaggy');
Insert into DETALLE_PATOLOGIA (DETALLE_PAT_ID,PATOLOGIA_ID,DETALLE_PAT_NOMBRE,DETALLE_PAT_DESCRIPCION,FECHA_CREACION,FECHA_MODIFICACION,USUARIO_CREACION,USUARIO_MODIFICACION) values (42,10,'Artrosis','Artrosis',to_timestamp('08/01/15 00:00:00,000000000','DD/MM/RR HH24:MI:SS,FF'),to_timestamp('08/01/15 00:00:00,000000000','DD/MM/RR HH24:MI:SS,FF'),'shaggy','shaggy');
Insert into DETALLE_PATOLOGIA (DETALLE_PAT_ID,PATOLOGIA_ID,DETALLE_PAT_NOMBRE,DETALLE_PAT_DESCRIPCION,FECHA_CREACION,FECHA_MODIFICACION,USUARIO_CREACION,USUARIO_MODIFICACION) values (43,10,'Osteoporosis','Osteoporosis',to_timestamp('08/01/15 00:00:00,000000000','DD/MM/RR HH24:MI:SS,FF'),to_timestamp('08/01/15 00:00:00,000000000','DD/MM/RR HH24:MI:SS,FF'),'shaggy','shaggy');
Insert into DETALLE_PATOLOGIA (DETALLE_PAT_ID,PATOLOGIA_ID,DETALLE_PAT_NOMBRE,DETALLE_PAT_DESCRIPCION,FECHA_CREACION,FECHA_MODIFICACION,USUARIO_CREACION,USUARIO_MODIFICACION) values (44,10,'Ostromielitis','Osteomielitis',to_timestamp('08/01/15 00:00:00,000000000','DD/MM/RR HH24:MI:SS,FF'),to_timestamp('08/01/15 00:00:00,000000000','DD/MM/RR HH24:MI:SS,FF'),'shaggy','shaggy');
Insert into DETALLE_PATOLOGIA (DETALLE_PAT_ID,PATOLOGIA_ID,DETALLE_PAT_NOMBRE,DETALLE_PAT_DESCRIPCION,FECHA_CREACION,FECHA_MODIFICACION,USUARIO_CREACION,USUARIO_MODIFICACION) values (45,11,'Numero de Embarazos','Numero de Embarazos',to_timestamp('08/01/15 00:00:00,000000000','DD/MM/RR HH24:MI:SS,FF'),to_timestamp('08/01/15 00:00:00,000000000','DD/MM/RR HH24:MI:SS,FF'),'shaggy','shaggy');
Insert into DETALLE_PATOLOGIA (DETALLE_PAT_ID,PATOLOGIA_ID,DETALLE_PAT_NOMBRE,DETALLE_PAT_DESCRIPCION,FECHA_CREACION,FECHA_MODIFICACION,USUARIO_CREACION,USUARIO_MODIFICACION) values (46,11,'Numero de Partos','Numero de Partos',to_timestamp('08/01/15 00:00:00,000000000','DD/MM/RR HH24:MI:SS,FF'),to_timestamp('08/01/15 00:00:00,000000000','DD/MM/RR HH24:MI:SS,FF'),'shaggy','shaggy');
Insert into DETALLE_PATOLOGIA (DETALLE_PAT_ID,PATOLOGIA_ID,DETALLE_PAT_NOMBRE,DETALLE_PAT_DESCRIPCION,FECHA_CREACION,FECHA_MODIFICACION,USUARIO_CREACION,USUARIO_MODIFICACION) values (47,11,'F.U.M. (Si Mestrua)','F.U.M. (Si Mestrua)',to_timestamp('08/01/15 00:00:00,000000000','DD/MM/RR HH24:MI:SS,FF'),to_timestamp('08/01/15 00:00:00,000000000','DD/MM/RR HH24:MI:SS,FF'),'shaggy','shaggy');
Insert into DETALLE_PATOLOGIA (DETALLE_PAT_ID,PATOLOGIA_ID,DETALLE_PAT_NOMBRE,DETALLE_PAT_DESCRIPCION,FECHA_CREACION,FECHA_MODIFICACION,USUARIO_CREACION,USUARIO_MODIFICACION) values (48,11,'Menospausia (Edad)','Menospausia (Edad)',to_timestamp('08/01/15 00:00:00,000000000','DD/MM/RR HH24:MI:SS,FF'),to_timestamp('08/01/15 00:00:00,000000000','DD/MM/RR HH24:MI:SS,FF'),'shaggy','shaggy');
Insert into DETALLE_PATOLOGIA (DETALLE_PAT_ID,PATOLOGIA_ID,DETALLE_PAT_NOMBRE,DETALLE_PAT_DESCRIPCION,FECHA_CREACION,FECHA_MODIFICACION,USUARIO_CREACION,USUARIO_MODIFICACION) values (49,11,'Dolor Pelvico','Dolor Pelvico',to_timestamp('08/01/15 00:00:00,000000000','DD/MM/RR HH24:MI:SS,FF'),to_timestamp('08/01/15 00:00:00,000000000','DD/MM/RR HH24:MI:SS,FF'),'shaggy','shaggy');
Insert into DETALLE_PATOLOGIA (DETALLE_PAT_ID,PATOLOGIA_ID,DETALLE_PAT_NOMBRE,DETALLE_PAT_DESCRIPCION,FECHA_CREACION,FECHA_MODIFICACION,USUARIO_CREACION,USUARIO_MODIFICACION) values (50,11,'Dismenorreas','Dismoenorreas',to_timestamp('08/01/15 00:00:00,000000000','DD/MM/RR HH24:MI:SS,FF'),to_timestamp('08/01/15 00:00:00,000000000','DD/MM/RR HH24:MI:SS,FF'),'shaggy','shaggy');
Insert into DETALLE_PATOLOGIA (DETALLE_PAT_ID,PATOLOGIA_ID,DETALLE_PAT_NOMBRE,DETALLE_PAT_DESCRIPCION,FECHA_CREACION,FECHA_MODIFICACION,USUARIO_CREACION,USUARIO_MODIFICACION) values (51,11,'H. Genital Anormal','H. Genital Anormal',to_timestamp('08/01/15 00:00:00,000000000','DD/MM/RR HH24:MI:SS,FF'),to_timestamp('08/01/15 00:00:00,000000000','DD/MM/RR HH24:MI:SS,FF'),'shaggy','shaggy');

---------------------------------------------------
--   END DATA FOR TABLE DETALLE_PATOLOGIA
---------------------------------------------------

---------------------------------------------------
--   DATA FOR TABLE USUARIO
--   FILTER = none used
---------------------------------------------------
REM INSERTING into USUARIO
Insert into USUARIO (USUARIO_ID,PERMISO_ID,USUARIO_NOMBRE,USUARIO_APELLIDO,USUARIO_DNI,USUARIO_TELEFONO,USUARIO_DOMICILIO_BARRIO,USUARIO_USUARIO,USUARIO_CONTRASENIA,USUARIO_ROL,USUARIO_OBRA_SOCIAL,USUARIO_EDAD,USUARIO_MATRICULA,USUARIO_ESPECIALIDAD,USUARIO_HORA_ATENCION_MIN,USUARIO_HORA_ATENCION_MAX,FECHA_CREACION,FECHA_MODIFICACION,USUARIO_CREACION,USUARIO_MODIFICACION,USUARIO_DOMICILIO_CALLE,USUARIO_DOMICILIO_NUMERO) values (1,1,'Dr. Shaggy','Alcantara','31356973','155719070','Centro','malcantara','malcantara','Medico',null,null,'101010','Cardiologo',to_timestamp('08/01/01 00:00:00,000000000','DD/MM/RR HH24:MI:SS,FF'),to_timestamp('13/01/01 00:00:00,000000000','DD/MM/RR HH24:MI:SS,FF'),to_timestamp('20/12/14 00:00:00,000000000','DD/MM/RR HH24:MI:SS,FF'),to_timestamp('20/12/14 00:00:00,000000000','DD/MM/RR HH24:MI:SS,FF'),'shaggy','shaggy','Independencia','98');
Insert into USUARIO (USUARIO_ID,PERMISO_ID,USUARIO_NOMBRE,USUARIO_APELLIDO,USUARIO_DNI,USUARIO_TELEFONO,USUARIO_DOMICILIO_BARRIO,USUARIO_USUARIO,USUARIO_CONTRASENIA,USUARIO_ROL,USUARIO_OBRA_SOCIAL,USUARIO_EDAD,USUARIO_MATRICULA,USUARIO_ESPECIALIDAD,USUARIO_HORA_ATENCION_MIN,USUARIO_HORA_ATENCION_MAX,FECHA_CREACION,FECHA_MODIFICACION,USUARIO_CREACION,USUARIO_MODIFICACION,USUARIO_DOMICILIO_CALLE,USUARIO_DOMICILIO_NUMERO) values (2,2,'Adm. Marto','Carrizo','32231013','15423556','Centro','mcarrizo','mcarrizo','Administrador',null,null,null,null,to_timestamp('08/01/01 00:00:00,000000000','DD/MM/RR HH24:MI:SS,FF'),to_timestamp('13/01/01 00:00:00,000000000','DD/MM/RR HH24:MI:SS,FF'),to_timestamp('20/12/14 00:00:00,000000000','DD/MM/RR HH24:MI:SS,FF'),to_timestamp('20/12/14 00:00:00,000000000','DD/MM/RR HH24:MI:SS,FF'),'shaggy','shaggy','Gorriti','370');
Insert into USUARIO (USUARIO_ID,PERMISO_ID,USUARIO_NOMBRE,USUARIO_APELLIDO,USUARIO_DNI,USUARIO_TELEFONO,USUARIO_DOMICILIO_BARRIO,USUARIO_USUARIO,USUARIO_CONTRASENIA,USUARIO_ROL,USUARIO_OBRA_SOCIAL,USUARIO_EDAD,USUARIO_MATRICULA,USUARIO_ESPECIALIDAD,USUARIO_HORA_ATENCION_MIN,USUARIO_HORA_ATENCION_MAX,FECHA_CREACION,FECHA_MODIFICACION,USUARIO_CREACION,USUARIO_MODIFICACION,USUARIO_DOMICILIO_CALLE,USUARIO_DOMICILIO_NUMERO) values (3,3,'Secr. Kike','Flores','31455843','154633642','San Pedrito','eflores','eflores','Secretaria','Osde','29',null,null,to_timestamp('08/01/01 00:00:00,000000000','DD/MM/RR HH24:MI:SS,FF'),to_timestamp('13/01/01 00:00:00,000000000','DD/MM/RR HH24:MI:SS,FF'),to_timestamp('20/12/14 00:00:00,000000000','DD/MM/RR HH24:MI:SS,FF'),to_timestamp('20/12/14 00:00:00,000000000','DD/MM/RR HH24:MI:SS,FF'),'shaggy','shaggy','Tiraxi','1080');

---------------------------------------------------
--   END DATA FOR TABLE USUARIO
---------------------------------------------------

---------------------------------------------------
--   DATA FOR TABLE CONSULTA
--   FILTER = none used
---------------------------------------------------
REM INSERTING into CONSULTA

---------------------------------------------------
--   END DATA FOR TABLE CONSULTA
---------------------------------------------------

---------------------------------------------------
--   DATA FOR TABLE TRATAMIENTO_MEDICAMENTO
--   FILTER = none used
---------------------------------------------------
REM INSERTING into TRATAMIENTO_MEDICAMENTO

---------------------------------------------------
--   END DATA FOR TABLE TRATAMIENTO_MEDICAMENTO
---------------------------------------------------

---------------------------------------------------
--   DATA FOR TABLE PATOLOGIA
--   FILTER = none used
---------------------------------------------------
REM INSERTING into PATOLOGIA
Insert into PATOLOGIA (PATOLOGIA_ID,PATOLOGIA_NOMBRE,PATOLOGIA_DESCRIPCION,FECHA_CREACION,FECHA_MODIFICACION,USUARIO_CREACION,USUARIO_MODIFICACION) values (1,'Aparato Cardiovascular','Cardiovascular',to_timestamp('08/01/15 00:00:00,000000000','DD/MM/RR HH24:MI:SS,FF'),to_timestamp('08/01/15 00:00:00,000000000','DD/MM/RR HH24:MI:SS,FF'),'shaggy','shaggy');
Insert into PATOLOGIA (PATOLOGIA_ID,PATOLOGIA_NOMBRE,PATOLOGIA_DESCRIPCION,FECHA_CREACION,FECHA_MODIFICACION,USUARIO_CREACION,USUARIO_MODIFICACION) values (2,'Aparato Respiratorio','Respiratorio',to_timestamp('08/01/15 00:00:00,000000000','DD/MM/RR HH24:MI:SS,FF'),to_timestamp('08/01/15 00:00:00,000000000','DD/MM/RR HH24:MI:SS,FF'),'shaggy','shaggy');
Insert into PATOLOGIA (PATOLOGIA_ID,PATOLOGIA_NOMBRE,PATOLOGIA_DESCRIPCION,FECHA_CREACION,FECHA_MODIFICACION,USUARIO_CREACION,USUARIO_MODIFICACION) values (3,'Aparato Digestivo','Digestivo',to_timestamp('08/01/15 00:00:00,000000000','DD/MM/RR HH24:MI:SS,FF'),to_timestamp('08/01/15 00:00:00,000000000','DD/MM/RR HH24:MI:SS,FF'),'shaggy','shaggy');
Insert into PATOLOGIA (PATOLOGIA_ID,PATOLOGIA_NOMBRE,PATOLOGIA_DESCRIPCION,FECHA_CREACION,FECHA_MODIFICACION,USUARIO_CREACION,USUARIO_MODIFICACION) values (4,'Aparato Nervioso','Nervioso',to_timestamp('08/01/15 00:00:00,000000000','DD/MM/RR HH24:MI:SS,FF'),to_timestamp('08/01/15 00:00:00,000000000','DD/MM/RR HH24:MI:SS,FF'),'shaggy','shaggy');
Insert into PATOLOGIA (PATOLOGIA_ID,PATOLOGIA_NOMBRE,PATOLOGIA_DESCRIPCION,FECHA_CREACION,FECHA_MODIFICACION,USUARIO_CREACION,USUARIO_MODIFICACION) values (5,'Endocrinologia y Metabolismo','Endocrinologia y Metabolismo',to_timestamp('08/01/15 00:00:00,000000000','DD/MM/RR HH24:MI:SS,FF'),to_timestamp('08/01/15 00:00:00,000000000','DD/MM/RR HH24:MI:SS,FF'),'shaggy','shaggy');
Insert into PATOLOGIA (PATOLOGIA_ID,PATOLOGIA_NOMBRE,PATOLOGIA_DESCRIPCION,FECHA_CREACION,FECHA_MODIFICACION,USUARIO_CREACION,USUARIO_MODIFICACION) values (6,'Genito Urinario','Genito Urinario',to_timestamp('08/01/15 00:00:00,000000000','DD/MM/RR HH24:MI:SS,FF'),to_timestamp('08/01/15 00:00:00,000000000','DD/MM/RR HH24:MI:SS,FF'),'shaggy','shaggy');
Insert into PATOLOGIA (PATOLOGIA_ID,PATOLOGIA_NOMBRE,PATOLOGIA_DESCRIPCION,FECHA_CREACION,FECHA_MODIFICACION,USUARIO_CREACION,USUARIO_MODIFICACION) values (7,'Infeccioso','Infeccioso',to_timestamp('08/01/15 00:00:00,000000000','DD/MM/RR HH24:MI:SS,FF'),to_timestamp('08/01/15 00:00:00,000000000','DD/MM/RR HH24:MI:SS,FF'),'shaggy','shaggy');
Insert into PATOLOGIA (PATOLOGIA_ID,PATOLOGIA_NOMBRE,PATOLOGIA_DESCRIPCION,FECHA_CREACION,FECHA_MODIFICACION,USUARIO_CREACION,USUARIO_MODIFICACION) values (8,'Psiquiatria','Psiquiatria',to_timestamp('08/01/15 00:00:00,000000000','DD/MM/RR HH24:MI:SS,FF'),to_timestamp('08/01/15 00:00:00,000000000','DD/MM/RR HH24:MI:SS,FF'),'shaggy','shaggy');
Insert into PATOLOGIA (PATOLOGIA_ID,PATOLOGIA_NOMBRE,PATOLOGIA_DESCRIPCION,FECHA_CREACION,FECHA_MODIFICACION,USUARIO_CREACION,USUARIO_MODIFICACION) values (9,'Hemolinfopoyetico','Hemolinfopoyetico',to_timestamp('08/01/15 00:00:00,000000000','DD/MM/RR HH24:MI:SS,FF'),to_timestamp('08/01/15 00:00:00,000000000','DD/MM/RR HH24:MI:SS,FF'),'shaggy','shaggy');
Insert into PATOLOGIA (PATOLOGIA_ID,PATOLOGIA_NOMBRE,PATOLOGIA_DESCRIPCION,FECHA_CREACION,FECHA_MODIFICACION,USUARIO_CREACION,USUARIO_MODIFICACION) values (10,'Sistema Oseo Mio Articular','Oseo Mio Articular',to_timestamp('08/01/15 00:00:00,000000000','DD/MM/RR HH24:MI:SS,FF'),to_timestamp('08/01/15 00:00:00,000000000','DD/MM/RR HH24:MI:SS,FF'),'shaggy','shaggy');
Insert into PATOLOGIA (PATOLOGIA_ID,PATOLOGIA_NOMBRE,PATOLOGIA_DESCRIPCION,FECHA_CREACION,FECHA_MODIFICACION,USUARIO_CREACION,USUARIO_MODIFICACION) values (11,'Tecoginecologico','Tecoginecologico',to_timestamp('08/01/15 00:00:00,000000000','DD/MM/RR HH24:MI:SS,FF'),to_timestamp('08/01/15 00:00:00,000000000','DD/MM/RR HH24:MI:SS,FF'),'shaggy','shaggy');

---------------------------------------------------
--   END DATA FOR TABLE PATOLOGIA
---------------------------------------------------

---------------------------------------------------
--   DATA FOR TABLE ANTECEDENTE_PER_PATOLOGICO
--   FILTER = none used
---------------------------------------------------
REM INSERTING into ANTECEDENTE_PER_PATOLOGICO

---------------------------------------------------
--   END DATA FOR TABLE ANTECEDENTE_PER_PATOLOGICO
---------------------------------------------------

---------------------------------------------------
--   DATA FOR TABLE MEDICAMENTO
--   FILTER = none used
---------------------------------------------------
REM INSERTING into MEDICAMENTO

---------------------------------------------------
--   END DATA FOR TABLE MEDICAMENTO
---------------------------------------------------

---------------------------------------------------
--   DATA FOR TABLE PERMISO
--   FILTER = none used
---------------------------------------------------
REM INSERTING into PERMISO
Insert into PERMISO (PERMISO_ID,PERMISO_NOMBRE,PERMISO_PERMISO,PERMISO_DESCRIPCION,FECHA_CREACION,FECHA_MODIFICACION,USUARIO_CREACION,USUARIO_MODIFICACION) values (1,'Medico','0001','El usuario medico puede crear y actualizar pacientes e historias clinicas',to_timestamp('20/12/14 00:00:00,000000000','DD/MM/RR HH24:MI:SS,FF'),to_timestamp('20/12/14 00:00:00,000000000','DD/MM/RR HH24:MI:SS,FF'),'shaggy','shaggy');
Insert into PERMISO (PERMISO_ID,PERMISO_NOMBRE,PERMISO_PERMISO,PERMISO_DESCRIPCION,FECHA_CREACION,FECHA_MODIFICACION,USUARIO_CREACION,USUARIO_MODIFICACION) values (2,'Administrador','0010','El usuario administrador puede crear y actualizar nuevos medicos',to_timestamp('20/12/14 00:00:00,000000000','DD/MM/RR HH24:MI:SS,FF'),to_timestamp('20/12/14 00:00:00,000000000','DD/MM/RR HH24:MI:SS,FF'),'shaggy','shaggy');
Insert into PERMISO (PERMISO_ID,PERMISO_NOMBRE,PERMISO_PERMISO,PERMISO_DESCRIPCION,FECHA_CREACION,FECHA_MODIFICACION,USUARIO_CREACION,USUARIO_MODIFICACION) values (3,'Secretaria','0011','El usuario secretaria puede asignar turnos, ver y actualizar pacientes',to_timestamp('20/12/14 00:00:00,000000000','DD/MM/RR HH24:MI:SS,FF'),to_timestamp('20/12/14 00:00:00,000000000','DD/MM/RR HH24:MI:SS,FF'),'shaggy','shaggy');

---------------------------------------------------
--   END DATA FOR TABLE PERMISO
---------------------------------------------------

---------------------------------------------------
--   DATA FOR TABLE TURNO
--   FILTER = none used
---------------------------------------------------
REM INSERTING into TURNO

---------------------------------------------------
--   END DATA FOR TABLE TURNO
---------------------------------------------------

---------------------------------------------------
--   DATA FOR TABLE DIAGNOSTICO
--   FILTER = none used
---------------------------------------------------
REM INSERTING into DIAGNOSTICO

---------------------------------------------------
--   END DATA FOR TABLE DIAGNOSTICO
---------------------------------------------------
--------------------------------------------------------
--  Constraints for Table ANTECEDENTE_GENERAL
--------------------------------------------------------

  ALTER TABLE "ANTECEDENTE_GENERAL" ADD CONSTRAINT "ANTECEDENTE_GRAL_ID" PRIMARY KEY ("ANTECEDENTE_GRAL_ID") ENABLE;
 
  ALTER TABLE "ANTECEDENTE_GENERAL" MODIFY ("ANTECEDENTE_GRAL_ID" NOT NULL ENABLE);
--------------------------------------------------------
--  Constraints for Table ANTECEDENTE_PER_PATOLOGICO
--------------------------------------------------------

  ALTER TABLE "ANTECEDENTE_PER_PATOLOGICO" ADD CONSTRAINT "ANTECEDENTE_PER_PAT_ID" PRIMARY KEY ("ANTECEDENTE_PER_PAT_ID") ENABLE;
 
  ALTER TABLE "ANTECEDENTE_PER_PATOLOGICO" MODIFY ("ANTECEDENTE_PER_PAT_ID" NOT NULL ENABLE);
--------------------------------------------------------
--  Constraints for Table CONSULTA
--------------------------------------------------------

  ALTER TABLE "CONSULTA" ADD CONSTRAINT "CONSULTA_ID" PRIMARY KEY ("CONSULTA_ID") ENABLE;
 
  ALTER TABLE "CONSULTA" MODIFY ("CONSULTA_ID" NOT NULL ENABLE);
--------------------------------------------------------
--  Constraints for Table DETALLE_PATOLOGIA
--------------------------------------------------------

  ALTER TABLE "DETALLE_PATOLOGIA" ADD CONSTRAINT "DETALLE_PAT_ID" PRIMARY KEY ("DETALLE_PAT_ID") ENABLE;
 
  ALTER TABLE "DETALLE_PATOLOGIA" MODIFY ("DETALLE_PAT_ID" NOT NULL ENABLE);
--------------------------------------------------------
--  Constraints for Table DIAGNOSTICO
--------------------------------------------------------

  ALTER TABLE "DIAGNOSTICO" ADD CONSTRAINT "DIAGNOSTICO_ID" PRIMARY KEY ("DIAGNOSTICO_ID") ENABLE;
 
  ALTER TABLE "DIAGNOSTICO" MODIFY ("DIAGNOSTICO_ID" NOT NULL ENABLE);
--------------------------------------------------------
--  Constraints for Table HISTORIA_CLINICA
--------------------------------------------------------

  ALTER TABLE "HISTORIA_CLINICA" ADD CONSTRAINT "HISTORIA_CLINICA_ID" PRIMARY KEY ("HISTORIA_CLINICA_ID") ENABLE;
 
  ALTER TABLE "HISTORIA_CLINICA" MODIFY ("HISTORIA_CLINICA_ID" NOT NULL ENABLE);
--------------------------------------------------------
--  Constraints for Table MEDICAMENTO
--------------------------------------------------------

  ALTER TABLE "MEDICAMENTO" ADD CONSTRAINT "MEDICAMENTO_ID" PRIMARY KEY ("MEDICAMENTO_ID") ENABLE;
 
  ALTER TABLE "MEDICAMENTO" MODIFY ("MEDICAMENTO_ID" NOT NULL ENABLE);
--------------------------------------------------------
--  Constraints for Table PACIENTE
--------------------------------------------------------

  ALTER TABLE "PACIENTE" ADD CONSTRAINT "PACIENTE_ID" PRIMARY KEY ("PACIENTE_ID") ENABLE;
 
  ALTER TABLE "PACIENTE" MODIFY ("PACIENTE_ID" NOT NULL ENABLE);
--------------------------------------------------------
--  Constraints for Table PATOLOGIA
--------------------------------------------------------

  ALTER TABLE "PATOLOGIA" ADD CONSTRAINT "PATOLOGIA_ID" PRIMARY KEY ("PATOLOGIA_ID") ENABLE;
 
  ALTER TABLE "PATOLOGIA" MODIFY ("PATOLOGIA_ID" NOT NULL ENABLE);
--------------------------------------------------------
--  Constraints for Table PERMISO
--------------------------------------------------------

  ALTER TABLE "PERMISO" ADD CONSTRAINT "PERMISO_ID" PRIMARY KEY ("PERMISO_ID") ENABLE;
 
  ALTER TABLE "PERMISO" MODIFY ("PERMISO_ID" NOT NULL ENABLE);
--------------------------------------------------------
--  Constraints for Table TRATAMIENTO
--------------------------------------------------------

  ALTER TABLE "TRATAMIENTO" MODIFY ("TRATAMIENTO_ID" NOT NULL ENABLE);
 
  ALTER TABLE "TRATAMIENTO" ADD CONSTRAINT "TRATAMIENTO_ID" PRIMARY KEY ("TRATAMIENTO_ID") ENABLE;
--------------------------------------------------------
--  Constraints for Table TRATAMIENTO_MEDICAMENTO
--------------------------------------------------------

  ALTER TABLE "TRATAMIENTO_MEDICAMENTO" MODIFY ("TRATAMIENTO_MEDICAMENTO_ID" NOT NULL ENABLE);
 
  ALTER TABLE "TRATAMIENTO_MEDICAMENTO" ADD CONSTRAINT "TRATAMIENTO_MEDICAMENTO_ID" PRIMARY KEY ("TRATAMIENTO_MEDICAMENTO_ID") ENABLE;
--------------------------------------------------------
--  Constraints for Table TURNO
--------------------------------------------------------

  ALTER TABLE "TURNO" MODIFY ("TURNO_ID" NOT NULL ENABLE);
 
  ALTER TABLE "TURNO" ADD CONSTRAINT "TURNO_ID" PRIMARY KEY ("TURNO_ID") ENABLE;
--------------------------------------------------------
--  Constraints for Table USUARIO
--------------------------------------------------------

  ALTER TABLE "USUARIO" MODIFY ("USUARIO_ID" NOT NULL ENABLE);
 
  ALTER TABLE "USUARIO" MODIFY ("PERMISO_ID" NOT NULL ENABLE);
 
  ALTER TABLE "USUARIO" ADD CONSTRAINT "USUARIO_ID" PRIMARY KEY ("USUARIO_ID") ENABLE;

--------------------------------------------------------
--  Ref Constraints for Table ANTECEDENTE_GENERAL
--------------------------------------------------------

  ALTER TABLE "ANTECEDENTE_GENERAL" ADD CONSTRAINT "ANTECEDENTE_GENERAL_HISTO_FK1" FOREIGN KEY ("HISTORIA_CLINICA_ID")
	  REFERENCES "HISTORIA_CLINICA" ("HISTORIA_CLINICA_ID") ENABLE;
--------------------------------------------------------
--  Ref Constraints for Table ANTECEDENTE_PER_PATOLOGICO
--------------------------------------------------------

  ALTER TABLE "ANTECEDENTE_PER_PATOLOGICO" ADD CONSTRAINT "ANTECEDENTE_PER_PATOLOGIC_FK1" FOREIGN KEY ("HISTORIA_CLINICA_ID")
	  REFERENCES "HISTORIA_CLINICA" ("HISTORIA_CLINICA_ID") ENABLE;
 
  ALTER TABLE "ANTECEDENTE_PER_PATOLOGICO" ADD CONSTRAINT "ANTECEDENTE_PER_PATOLOGIC_FK2" FOREIGN KEY ("DETALLE_PAT_ID")
	  REFERENCES "DETALLE_PATOLOGIA" ("DETALLE_PAT_ID") ENABLE;
--------------------------------------------------------
--  Ref Constraints for Table CONSULTA
--------------------------------------------------------

  ALTER TABLE "CONSULTA" ADD CONSTRAINT "CONSULTA_HISTORIA_CLINICA_FK1" FOREIGN KEY ("HISTORIA_CLINICA_ID")
	  REFERENCES "HISTORIA_CLINICA" ("HISTORIA_CLINICA_ID") ENABLE;
--------------------------------------------------------
--  Ref Constraints for Table DETALLE_PATOLOGIA
--------------------------------------------------------

  ALTER TABLE "DETALLE_PATOLOGIA" ADD CONSTRAINT "DETALLE_PATOLOGIA_PATOLOG_FK1" FOREIGN KEY ("PATOLOGIA_ID")
	  REFERENCES "PATOLOGIA" ("PATOLOGIA_ID") ENABLE;
--------------------------------------------------------
--  Ref Constraints for Table DIAGNOSTICO
--------------------------------------------------------

  ALTER TABLE "DIAGNOSTICO" ADD CONSTRAINT "DIAGNOSTICO_CONSULTA_FK1" FOREIGN KEY ("CONSULTA_ID")
	  REFERENCES "CONSULTA" ("CONSULTA_ID") ENABLE;
--------------------------------------------------------
--  Ref Constraints for Table HISTORIA_CLINICA
--------------------------------------------------------

  ALTER TABLE "HISTORIA_CLINICA" ADD CONSTRAINT "HISTORIA_CLINICA_PACIENTE_FK1" FOREIGN KEY ("PACIENTE_ID")
	  REFERENCES "PACIENTE" ("PACIENTE_ID") ENABLE;
 
  ALTER TABLE "HISTORIA_CLINICA" ADD CONSTRAINT "HISTORIA_CLINICA_USUARIO_FK1" FOREIGN KEY ("USUARIO_ID")
	  REFERENCES "USUARIO" ("USUARIO_ID") ENABLE;




--------------------------------------------------------
--  Ref Constraints for Table TRATAMIENTO
--------------------------------------------------------

  ALTER TABLE "TRATAMIENTO" ADD CONSTRAINT "TRATAMIENTO_DIAGNOSTICO_FK1" FOREIGN KEY ("DIAGNOSTICO_ID")
	  REFERENCES "DIAGNOSTICO" ("DIAGNOSTICO_ID") ENABLE;
--------------------------------------------------------
--  Ref Constraints for Table TRATAMIENTO_MEDICAMENTO
--------------------------------------------------------

  ALTER TABLE "TRATAMIENTO_MEDICAMENTO" ADD CONSTRAINT "TRATAMIENTO_MEDICAMENTO_M_FK1" FOREIGN KEY ("MEDICAMENTO_ID")
	  REFERENCES "MEDICAMENTO" ("MEDICAMENTO_ID") ENABLE;
 
  ALTER TABLE "TRATAMIENTO_MEDICAMENTO" ADD CONSTRAINT "TRATAMIENTO_MEDICAMENTO_T_FK1" FOREIGN KEY ("TRATAMIENTO_ID")
	  REFERENCES "TRATAMIENTO" ("TRATAMIENTO_ID") ENABLE;
--------------------------------------------------------
--  Ref Constraints for Table TURNO
--------------------------------------------------------

  ALTER TABLE "TURNO" ADD CONSTRAINT "TURNO_PACIENTE_FK1" FOREIGN KEY ("PACIENTE_ID")
	  REFERENCES "PACIENTE" ("PACIENTE_ID") ENABLE;
--------------------------------------------------------
--  Ref Constraints for Table USUARIO
--------------------------------------------------------

  ALTER TABLE "USUARIO" ADD CONSTRAINT "USUARIO_PERMISO_FK1" FOREIGN KEY ("PERMISO_ID")
	  REFERENCES "PERMISO" ("PERMISO_ID") ENABLE;
